<?xml version="1.0" encoding="UTF-8"?>
<overrides>
	<alwaysReset>True</alwaysReset>
	<doNotShareMenu />
	<onback to="100">4002</onback>
	<onback to="100">4003</onback>
	<onback to="100">4004</onback>
	<thumbnail label="$LOCALIZE[20057]">::NONE::</thumbnail>
	<propertyfallback group="mainmenu" property="useFakeArt">true</propertyfallback>
	<propertyfallback group="mainmenu" property="aspectRatio">keep</propertyfallback>

	<!-- action overrides -->
	<override action="start_search">
		<action>SetProperty(CustomSearch,1,home)</action>
		<action>Skin.Reset(CustomSearchTerm)</action>
		<action>Skin.Reset(CustomSearchEmbyID)</action>
		<action>Skin.SetString(CustomSearchTerm)</action>
		<action>ActivateWindow(1115)</action>
	</override>

	<override action="favourites://">
		<action>ActivateWindow(favourites)</action>
	</override>

	<override action="partymode_action">
		<condition>MusicPartyMode.Enabled</condition>
		<action>Playercontrol(stop)</action>
	</override>
	<override action="partymode_action">
		<condition>!MusicPartyMode.Enabled</condition>
		<action>Playercontrol(partymode(music))</action>
	</override>

	<override action="tvshows_genre">
		<action>SetProperty(ListGenres,videodb://tvshows/genres,home)</action>
		<action>SetProperty(ForceFocusReset,1,home)</action>
		<action>AlarmClock(ClearForceFocusReset,ClearProperty(ForceFocusReset,home),00:01,silent)</action>
		<action>ActivateWindow(1114)</action>
	</override>

	<override action="movies_genre">
		<action>SetProperty(ListGenres,videodb://movies/genres,home)</action>
		<action>SetProperty(ForceFocusReset,1,home)</action>
		<action>AlarmClock(ClearForceFocusReset,ClearProperty(ForceFocusReset,home),00:01,silent)</action>
		<action>ActivateWindow(1114)</action>
	</override>

	<override action="recommended">
		<condition>Window.IsVisible(1121)</condition>
		<action>ClearProperty(RecommendedTag,home)</action>
		<action>SetProperty(RecommendedType,tvshow,home)</action>
		<action>SetProperty(ForceFocusReset,1,home)</action>
		<action>AlarmClock(ClearForceFocusReset,ClearProperty(ForceFocusReset,home),00:01,silent)</action>
		<action>ActivateWindow(1126,return)</action>
	</override>
	<override action="recommended">
		<condition>Window.IsVisible(1120)</condition>
		<action>ClearProperty(RecommendedTag,home)</action>
		<action>SetProperty(RecommendedType,movie,home)</action>
		<action>SetProperty(ForceFocusReset,1,home)</action>
		<action>AlarmClock(ClearForceFocusReset,ClearProperty(ForceFocusReset,home),00:01,silent)</action>
		<action>ActivateWindow(1126,return)</action>
	</override>

	<!-- emby overrides -->
	<override action="emby0">
		<condition>String.IsEqual(Window(home).Property(emby.wnodes.0.type),tvshows) | String.IsEqual(Window(home).Property(emby.wnodes.0.type),movies)</condition>
		<action>SetProperty(EmbyHubNr,0,home)</action>
		<action>ActivateWindow(1130)</action>
	</override>
	<override action="emby0">
		<condition>String.IsEqual(Window(home).Property(emby.wnodes.0.type),homevideos)</condition>
		<action>ActivateWindow(pictures,$INFO[Window(home).Property(emby.wnodes.0.content)],return)</action>
	</override>
	<override action="emby0">
		<condition>!String.IsEqual(Window(home).Property(emby.wnodes.0.type),tvshows) + !String.IsEqual(Window(home).Property(emby.wnodes.0.type),movies) + !String.IsEqual(Window(home).Property(emby.wnodes.0.type),homevideos)</condition>
		<action>ActivateWindow(videos,$INFO[Window(home).Property(emby.wnodes.0.content)],return)</action>
	</override>
	<override action="emby1">
		<condition>String.IsEqual(Window(home).Property(emby.wnodes.1.type),tvshows) | String.IsEqual(Window(home).Property(emby.wnodes.1.type),movies)</condition>
		<action>SetProperty(EmbyHubNr,1,home)</action>
		<action>ActivateWindow(1130)</action>
	</override>
	<override action="emby1">
		<condition>String.IsEqual(Window(home).Property(emby.wnodes.1.type),homevideos)</condition>
		<action>ActivateWindow(pictures,$INFO[Window(home).Property(emby.wnodes.1.content)],return)</action>
	</override>
	<override action="emby1">
		<condition>!String.IsEqual(Window(home).Property(emby.wnodes.1.type),tvshows) + !String.IsEqual(Window(home).Property(emby.wnodes.1.type),movies) + !String.IsEqual(Window(home).Property(emby.wnodes.1.type),homevideos)</condition>
		<action>ActivateWindow(videos,$INFO[Window(home).Property(emby.wnodes.1.content)],return)</action>
	</override>
	<override action="emby2">
		<condition>String.IsEqual(Window(home).Property(emby.wnodes.2.type),tvshows) | String.IsEqual(Window(home).Property(emby.wnodes.2.type),movies)</condition>
		<action>SetProperty(EmbyHubNr,2,home)</action>
		<action>ActivateWindow(1130)</action>
	</override>
	<override action="emby2">
		<condition>String.IsEqual(Window(home).Property(emby.wnodes.2.type),homevideos)</condition>
		<action>ActivateWindow(pictures,$INFO[Window(home).Property(emby.wnodes.2.content)],return)</action>
	</override>
	<override action="emby2">
		<condition>!String.IsEqual(Window(home).Property(emby.wnodes.2.type),tvshows) + !String.IsEqual(Window(home).Property(emby.wnodes.2.type),movies) + !String.IsEqual(Window(home).Property(emby.wnodes.2.type),homevideos)</condition>
		<action>ActivateWindow(videos,$INFO[Window(home).Property(emby.wnodes.2.content)],return)</action>
	</override>
	<override action="emby3">
		<condition>String.IsEqual(Window(home).Property(emby.wnodes.3.type),tvshows) | String.IsEqual(Window(home).Property(emby.wnodes.3.type),movies)</condition>
		<action>SetProperty(EmbyHubNr,3,home)</action>
		<action>ActivateWindow(1130)</action>
	</override>
	<override action="emby3">
		<condition>String.IsEqual(Window(home).Property(emby.wnodes.3.type),homevideos)</condition>
		<action>ActivateWindow(pictures,$INFO[Window(home).Property(emby.wnodes.3.content)],return)</action>
	</override>
	<override action="emby3">
		<condition>!String.IsEqual(Window(home).Property(emby.wnodes.3.type),tvshows) + !String.IsEqual(Window(home).Property(emby.wnodes.3.type),movies) + !String.IsEqual(Window(home).Property(emby.wnodes.3.type),homevideos)</condition>
		<action>ActivateWindow(videos,$INFO[Window(home).Property(emby.wnodes.3.content)],return)</action>
	</override>
	<override action="emby4">
		<condition>String.IsEqual(Window(home).Property(emby.wnodes.4.type),tvshows) | String.IsEqual(Window(home).Property(emby.wnodes.4.type),movies)</condition>
		<action>SetProperty(EmbyHubNr,4,home)</action>
		<action>ActivateWindow(1130)</action>
	</override>
	<override action="emby4">
		<condition>String.IsEqual(Window(home).Property(emby.wnodes.4.type),homevideos)</condition>
		<action>ActivateWindow(pictures,$INFO[Window(home).Property(emby.wnodes.4.content)],return)</action>
	</override>
	<override action="emby4">
		<condition>!String.IsEqual(Window(home).Property(emby.wnodes.4.type),tvshows) + !String.IsEqual(Window(home).Property(emby.wnodes.4.type),movies) + !String.IsEqual(Window(home).Property(emby.wnodes.4.type),homevideos)</condition>
		<action>ActivateWindow(videos,$INFO[Window(home).Property(emby.wnodes.4.content)],return)</action>
	</override>
	<override action="emby5">
		<condition>String.IsEqual(Window(home).Property(emby.wnodes.5.type),tvshows) | String.IsEqual(Window(home).Property(emby.wnodes.5.type),movies)</condition>
		<action>SetProperty(EmbyHubNr,5,home)</action>
		<action>ActivateWindow(1130)</action>
	</override>
	<override action="emby5">
		<condition>String.IsEqual(Window(home).Property(emby.wnodes.5.type),homevideos)</condition>
		<action>ActivateWindow(pictures,$INFO[Window(home).Property(emby.wnodes.5.content)],return)</action>
	</override>
	<override action="emby5">
		<condition>!String.IsEqual(Window(home).Property(emby.wnodes.5.type),tvshows) + !String.IsEqual(Window(home).Property(emby.wnodes.5.type),movies) + !String.IsEqual(Window(home).Property(emby.wnodes.5.type),homevideos)</condition>
		<action>ActivateWindow(videos,$INFO[Window(home).Property(emby.wnodes.5.content)],return)</action>
	</override>
	<override action="emby6">
		<condition>String.IsEqual(Window(home).Property(emby.wnodes.6.type),tvshows) | String.IsEqual(Window(home).Property(emby.wnodes.6.type),movies)</condition>
		<action>SetProperty(EmbyHubNr,6,home)</action>
		<action>ActivateWindow(1130)</action>
	</override>
	<override action="emby6">
		<condition>String.IsEqual(Window(home).Property(emby.wnodes.6.type),homevideos)</condition>
		<action>ActivateWindow(pictures,$INFO[Window(home).Property(emby.wnodes.6.content)],return)</action>
	</override>
	<override action="emby6">
		<condition>!String.IsEqual(Window(home).Property(emby.wnodes.6.type),tvshows) + !String.IsEqual(Window(home).Property(emby.wnodes.6.type),movies) + !String.IsEqual(Window(home).Property(emby.wnodes.6.type),homevideos)</condition>
		<action>ActivateWindow(videos,$INFO[Window(home).Property(emby.wnodes.6.content)],return)</action>
	</override>
	<override action="emby7">
		<condition>String.IsEqual(Window(home).Property(emby.wnodes.7.type),tvshows) | String.IsEqual(Window(home).Property(emby.wnodes.7.type),movies)</condition>
		<action>SetProperty(EmbyHubNr,7,home)</action>
		<action>ActivateWindow(1130)</action>
	</override>
	<override action="emby7">
		<condition>String.IsEqual(Window(home).Property(emby.wnodes.7.type),homevideos)</condition>
		<action>ActivateWindow(pictures,$INFO[Window(home).Property(emby.wnodes.7.content)],return)</action>
	</override>
	<override action="emby7">
		<condition>!String.IsEqual(Window(home).Property(emby.wnodes.7.type),tvshows) + !String.IsEqual(Window(home).Property(emby.wnodes.7.type),movies) + !String.IsEqual(Window(home).Property(emby.wnodes.7.type),homevideos)</condition>
		<action>ActivateWindow(videos,$INFO[Window(home).Property(emby.wnodes.7.content)],return)</action>
	</override>
	<override action="emby8">
		<condition>String.IsEqual(Window(home).Property(emby.wnodes.8.type),tvshows) | String.IsEqual(Window(home).Property(emby.wnodes.8.type),movies)</condition>
		<action>SetProperty(EmbyHubNr,8,home)</action>
		<action>ActivateWindow(1130)</action>
	</override>
	<override action="emby8">
		<condition>String.IsEqual(Window(home).Property(emby.wnodes.8.type),homevideos)</condition>
		<action>ActivateWindow(pictures,$INFO[Window(home).Property(emby.wnodes.8.content)],return)</action>
	</override>
	<override action="emby8">
		<condition>!String.IsEqual(Window(home).Property(emby.wnodes.8.type),tvshows) + !String.IsEqual(Window(home).Property(emby.wnodes.8.type),movies) + !String.IsEqual(Window(home).Property(emby.wnodes.8.type),homevideos)</condition>
		<action>ActivateWindow(videos,$INFO[Window(home).Property(emby.wnodes.8.content)],return)</action>
	</override>
	<override action="emby9">
		<condition>String.IsEqual(Window(home).Property(emby.wnodes.9.type),tvshows) | String.IsEqual(Window(home).Property(emby.wnodes.9.type),movies)</condition>
		<action>SetProperty(EmbyHubNr,9,home)</action>
		<action>ActivateWindow(1130)</action>
	</override>
	<override action="emby9">
		<condition>String.IsEqual(Window(home).Property(emby.wnodes.9.type),homevideos)</condition>
		<action>ActivateWindow(pictures,$INFO[Window(home).Property(emby.wnodes.9.content)],return)</action>
	</override>
	<override action="emby9">
		<condition>!String.IsEqual(Window(home).Property(emby.wnodes.9.type),tvshows) + !String.IsEqual(Window(home).Property(emby.wnodes.9.type),movies) + !String.IsEqual(Window(home).Property(emby.wnodes.9.type),homevideos)</condition>
		<action>ActivateWindow(videos,$INFO[Window(home).Property(emby.wnodes.9.content)],return)</action>
	</override>
	<override action="emby10">
		<condition>String.IsEqual(Window(home).Property(emby.wnodes.10.type),tvshows) | String.IsEqual(Window(home).Property(emby.wnodes.10.type),movies)</condition>
		<action>SetProperty(EmbyHubNr,10,home)</action>
		<action>ActivateWindow(1130)</action>
	</override>
	<override action="emby10">
		<condition>String.IsEqual(Window(home).Property(emby.wnodes.10.type),homevideos)</condition>
		<action>ActivateWindow(pictures,$INFO[Window(home).Property(emby.wnodes.10.content)],return)</action>
	</override>
	<override action="emby10">
		<condition>!String.IsEqual(Window(home).Property(emby.wnodes.10.type),tvshows) + !String.IsEqual(Window(home).Property(emby.wnodes.10.type),movies) + !String.IsEqual(Window(home).Property(emby.wnodes.10.type),homevideos)</condition>
		<action>ActivateWindow(videos,$INFO[Window(home).Property(emby.wnodes.10.content)],return)</action>
	</override>
	<override action="emby11">
		<condition>String.IsEqual(Window(home).Property(emby.wnodes.11.type),tvshows) | String.IsEqual(Window(home).Property(emby.wnodes.11.type),movies)</condition>
		<action>SetProperty(EmbyHubNr,11,home)</action>
		<action>ActivateWindow(1130)</action>
	</override>
	<override action="emby11">
		<condition>String.IsEqual(Window(home).Property(emby.wnodes.11.type),homevideos)</condition>
		<action>ActivateWindow(pictures,$INFO[Window(home).Property(emby.wnodes.11.content)],return)</action>
	</override>
	<override action="emby11">
		<condition>!String.IsEqual(Window(home).Property(emby.wnodes.11.type),tvshows) + !String.IsEqual(Window(home).Property(emby.wnodes.11.type),movies) + !String.IsEqual(Window(home).Property(emby.wnodes.11.type),homevideos)</condition>
		<action>ActivateWindow(videos,$INFO[Window(home).Property(emby.wnodes.11.content)],return)</action>
	</override>
	<override action="emby12">
		<condition>String.IsEqual(Window(home).Property(emby.wnodes.12.type),tvshows) | String.IsEqual(Window(home).Property(emby.wnodes.12.type),movies)</condition>
		<action>SetProperty(EmbyHubNr,12,home)</action>
		<action>ActivateWindow(1130)</action>
	</override>
	<override action="emby12">
		<condition>String.IsEqual(Window(home).Property(emby.wnodes.12.type),homevideos)</condition>
		<action>ActivateWindow(pictures,$INFO[Window(home).Property(emby.wnodes.12.content)],return)</action>
	</override>
	<override action="emby12">
		<condition>!String.IsEqual(Window(home).Property(emby.wnodes.12.type),tvshows) + !String.IsEqual(Window(home).Property(emby.wnodes.12.type),movies) + !String.IsEqual(Window(home).Property(emby.wnodes.12.type),homevideos)</condition>
		<action>ActivateWindow(videos,$INFO[Window(home).Property(emby.wnodes.12.content)],return)</action>
	</override>
	<override action="emby13">
		<condition>String.IsEqual(Window(home).Property(emby.wnodes.13.type),tvshows) | String.IsEqual(Window(home).Property(emby.wnodes.13.type),movies)</condition>
		<action>SetProperty(EmbyHubNr,13,home)</action>
		<action>ActivateWindow(1130)</action>
	</override>
	<override action="emby13">
		<condition>String.IsEqual(Window(home).Property(emby.wnodes.13.type),homevideos)</condition>
		<action>ActivateWindow(pictures,$INFO[Window(home).Property(emby.wnodes.13.content)],return)</action>
	</override>
	<override action="emby13">
		<condition>!String.IsEqual(Window(home).Property(emby.wnodes.13.type),tvshows) + !String.IsEqual(Window(home).Property(emby.wnodes.13.type),movies) + !String.IsEqual(Window(home).Property(emby.wnodes.13.type),homevideos)</condition>
		<action>ActivateWindow(videos,$INFO[Window(home).Property(emby.wnodes.13.content)],return)</action>
	</override>
	<override action="emby14">
		<condition>String.IsEqual(Window(home).Property(emby.wnodes.14.type),tvshows) | String.IsEqual(Window(home).Property(emby.wnodes.14.type),movies)</condition>
		<action>SetProperty(EmbyHubNr,14,home)</action>
		<action>ActivateWindow(1130)</action>
	</override>
	<override action="emby14">
		<condition>String.IsEqual(Window(home).Property(emby.wnodes.14.type),homevideos)</condition>
		<action>ActivateWindow(pictures,$INFO[Window(home).Property(emby.wnodes.14.content)],return)</action>
	</override>
	<override action="emby14">
		<condition>!String.IsEqual(Window(home).Property(emby.wnodes.14.type),tvshows) + !String.IsEqual(Window(home).Property(emby.wnodes.14.type),movies) + !String.IsEqual(Window(home).Property(emby.wnodes.14.type),homevideos)</condition>
		<action>ActivateWindow(videos,$INFO[Window(home).Property(emby.wnodes.14.content)],return)</action>
	</override>
	<override action="emby15">
		<condition>String.IsEqual(Window(home).Property(emby.wnodes.15.type),tvshows) | String.IsEqual(Window(home).Property(emby.wnodes.15.type),movies)</condition>
		<action>SetProperty(EmbyHubNr,15,home)</action>
		<action>ActivateWindow(1130)</action>
	</override>
	<override action="emby15">
		<condition>String.IsEqual(Window(home).Property(emby.wnodes.15.type),homevideos)</condition>
		<action>ActivateWindow(pictures,$INFO[Window(home).Property(emby.wnodes.15.content)],return)</action>
	</override>
	<override action="emby15">
		<condition>!String.IsEqual(Window(home).Property(emby.wnodes.15.type),tvshows) + !String.IsEqual(Window(home).Property(emby.wnodes.15.type),movies) + !String.IsEqual(Window(home).Property(emby.wnodes.15.type),homevideos)</condition>
		<action>ActivateWindow(videos,$INFO[Window(home).Property(emby.wnodes.15.content)],return)</action>
	</override>
	<override action="emby16">
		<condition>String.IsEqual(Window(home).Property(emby.wnodes.16.type),tvshows) | String.IsEqual(Window(home).Property(emby.wnodes.16.type),movies)</condition>
		<action>SetProperty(EmbyHubNr,16,home)</action>
		<action>ActivateWindow(1130)</action>
	</override>
	<override action="emby16">
		<condition>String.IsEqual(Window(home).Property(emby.wnodes.16.type),homevideos)</condition>
		<action>ActivateWindow(pictures,$INFO[Window(home).Property(emby.wnodes.16.content)],return)</action>
	</override>
	<override action="emby16">
		<condition>!String.IsEqual(Window(home).Property(emby.wnodes.16.type),tvshows) + !String.IsEqual(Window(home).Property(emby.wnodes.16.type),movies) + !String.IsEqual(Window(home).Property(emby.wnodes.16.type),homevideos)</condition>
		<action>ActivateWindow(videos,$INFO[Window(home).Property(emby.wnodes.16.content)],return)</action>
	</override>
	<override action="emby17">
		<condition>String.IsEqual(Window(home).Property(emby.wnodes.17.type),tvshows) | String.IsEqual(Window(home).Property(emby.wnodes.17.type),movies)</condition>
		<action>SetProperty(EmbyHubNr,17,home)</action>
		<action>ActivateWindow(1130)</action>
	</override>
	<override action="emby17">
		<condition>String.IsEqual(Window(home).Property(emby.wnodes.17.type),homevideos)</condition>
		<action>ActivateWindow(pictures,$INFO[Window(home).Property(emby.wnodes.17.content)],return)</action>
	</override>
	<override action="emby17">
		<condition>!String.IsEqual(Window(home).Property(emby.wnodes.17.type),tvshows) + !String.IsEqual(Window(home).Property(emby.wnodes.17.type),movies) + !String.IsEqual(Window(home).Property(emby.wnodes.17.type),homevideos)</condition>
		<action>ActivateWindow(videos,$INFO[Window(home).Property(emby.wnodes.17.content)],return)</action>
	</override>
	<override action="emby18">
		<condition>String.IsEqual(Window(home).Property(emby.wnodes.18.type),tvshows) | String.IsEqual(Window(home).Property(emby.wnodes.18.type),movies)</condition>
		<action>SetProperty(EmbyHubNr,18,home)</action>
		<action>ActivateWindow(1130)</action>
	</override>
	<override action="emby18">
		<condition>String.IsEqual(Window(home).Property(emby.wnodes.18.type),homevideos)</condition>
		<action>ActivateWindow(pictures,$INFO[Window(home).Property(emby.wnodes.18.content)],return)</action>
	</override>
	<override action="emby18">
		<condition>!String.IsEqual(Window(home).Property(emby.wnodes.18.type),tvshows) + !String.IsEqual(Window(home).Property(emby.wnodes.18.type),movies) + !String.IsEqual(Window(home).Property(emby.wnodes.18.type),homevideos)</condition>
		<action>ActivateWindow(videos,$INFO[Window(home).Property(emby.wnodes.18.content)],return)</action>
	</override>
	<override action="emby19">
		<condition>String.IsEqual(Window(home).Property(emby.wnodes.19.type),tvshows) | String.IsEqual(Window(home).Property(emby.wnodes.19.type),movies)</condition>
		<action>SetProperty(EmbyHubNr,19,home)</action>
		<action>ActivateWindow(1130)</action>
	</override>
	<override action="emby19">
		<condition>String.IsEqual(Window(home).Property(emby.wnodes.19.type),homevideos)</condition>
		<action>ActivateWindow(pictures,$INFO[Window(home).Property(emby.wnodes.19.content)],return)</action>
	</override>
	<override action="emby19">
		<condition>!String.IsEqual(Window(home).Property(emby.wnodes.19.type),tvshows) + !String.IsEqual(Window(home).Property(emby.wnodes.19.type),movies) + !String.IsEqual(Window(home).Property(emby.wnodes.19.type),homevideos)</condition>
		<action>ActivateWindow(videos,$INFO[Window(home).Property(emby.wnodes.19.content)],return)</action>
	</override>
	<override action="emby20">
		<condition>String.IsEqual(Window(home).Property(emby.wnodes.20.type),tvshows) | String.IsEqual(Window(home).Property(emby.wnodes.20.type),movies)</condition>
		<action>SetProperty(EmbyHubNr,10,home)</action>
		<action>ActivateWindow(1130)</action>
	</override>
	<override action="emby20">
		<condition>String.IsEqual(Window(home).Property(emby.wnodes.20.type),homevideos)</condition>
		<action>ActivateWindow(pictures,$INFO[Window(home).Property(emby.wnodes.20.content)],return)</action>
	</override>
	<override action="emby20">
		<condition>!String.IsEqual(Window(home).Property(emby.wnodes.20.type),tvshows) + !String.IsEqual(Window(home).Property(emby.wnodes.20.type),movies) + !String.IsEqual(Window(home).Property(emby.wnodes.20.type),homevideos)</condition>
		<action>ActivateWindow(videos,$INFO[Window(home).Property(emby.wnodes.20.content)],return)</action>
	</override>
	<override action="emby21">
		<condition>String.IsEqual(Window(home).Property(emby.wnodes.21.type),tvshows) | String.IsEqual(Window(home).Property(emby.wnodes.21.type),movies)</condition>
		<action>SetProperty(EmbyHubNr,11,home)</action>
		<action>ActivateWindow(1130)</action>
	</override>
	<override action="emby21">
		<condition>String.IsEqual(Window(home).Property(emby.wnodes.21.type),homevideos)</condition>
		<action>ActivateWindow(pictures,$INFO[Window(home).Property(emby.wnodes.21.content)],return)</action>
	</override>
	<override action="emby21">
		<condition>!String.IsEqual(Window(home).Property(emby.wnodes.21.type),tvshows) + !String.IsEqual(Window(home).Property(emby.wnodes.21.type),movies) + !String.IsEqual(Window(home).Property(emby.wnodes.21.type),homevideos)</condition>
		<action>ActivateWindow(videos,$INFO[Window(home).Property(emby.wnodes.21.content)],return)</action>
	</override>
	<override action="emby22">
		<condition>String.IsEqual(Window(home).Property(emby.wnodes.22.type),tvshows) | String.IsEqual(Window(home).Property(emby.wnodes.22.type),movies)</condition>
		<action>SetProperty(EmbyHubNr,12,home)</action>
		<action>ActivateWindow(1130)</action>
	</override>
	<override action="emby22">
		<condition>String.IsEqual(Window(home).Property(emby.wnodes.22.type),homevideos)</condition>
		<action>ActivateWindow(pictures,$INFO[Window(home).Property(emby.wnodes.22.content)],return)</action>
	</override>
	<override action="emby22">
		<condition>!String.IsEqual(Window(home).Property(emby.wnodes.22.type),tvshows) + !String.IsEqual(Window(home).Property(emby.wnodes.22.type),movies) + !String.IsEqual(Window(home).Property(emby.wnodes.22.type),homevideos)</condition>
		<action>ActivateWindow(videos,$INFO[Window(home).Property(emby.wnodes.22.content)],return)</action>
	</override>
	<override action="emby23">
		<condition>String.IsEqual(Window(home).Property(emby.wnodes.23.type),tvshows) | String.IsEqual(Window(home).Property(emby.wnodes.23.type),movies)</condition>
		<action>SetProperty(EmbyHubNr,13,home)</action>
		<action>ActivateWindow(1130)</action>
	</override>
	<override action="emby23">
		<condition>String.IsEqual(Window(home).Property(emby.wnodes.23.type),homevideos)</condition>
		<action>ActivateWindow(pictures,$INFO[Window(home).Property(emby.wnodes.23.content)],return)</action>
	</override>
	<override action="emby23">
		<condition>!String.IsEqual(Window(home).Property(emby.wnodes.23.type),tvshows) + !String.IsEqual(Window(home).Property(emby.wnodes.23.type),movies) + !String.IsEqual(Window(home).Property(emby.wnodes.23.type),homevideos)</condition>
		<action>ActivateWindow(videos,$INFO[Window(home).Property(emby.wnodes.23.content)],return)</action>
	</override>
	<override action="emby24">
		<condition>String.IsEqual(Window(home).Property(emby.wnodes.24.type),tvshows) | String.IsEqual(Window(home).Property(emby.wnodes.24.type),movies)</condition>
		<action>SetProperty(EmbyHubNr,14,home)</action>
		<action>ActivateWindow(1130)</action>
	</override>
	<override action="emby24">
		<condition>String.IsEqual(Window(home).Property(emby.wnodes.24.type),homevideos)</condition>
		<action>ActivateWindow(pictures,$INFO[Window(home).Property(emby.wnodes.24.content)],return)</action>
	</override>
	<override action="emby24">
		<condition>!String.IsEqual(Window(home).Property(emby.wnodes.24.type),tvshows) + !String.IsEqual(Window(home).Property(emby.wnodes.24.type),movies) + !String.IsEqual(Window(home).Property(emby.wnodes.24.type),homevideos)</condition>
		<action>ActivateWindow(videos,$INFO[Window(home).Property(emby.wnodes.24.content)],return)</action>
	</override>
	<override action="emby25">
		<condition>String.IsEqual(Window(home).Property(emby.wnodes.25.type),tvshows) | String.IsEqual(Window(home).Property(emby.wnodes.25.type),movies)</condition>
		<action>SetProperty(EmbyHubNr,15,home)</action>
		<action>ActivateWindow(1130)</action>
	</override>
	<override action="emby25">
		<condition>String.IsEqual(Window(home).Property(emby.wnodes.25.type),homevideos)</condition>
		<action>ActivateWindow(pictures,$INFO[Window(home).Property(emby.wnodes.25.content)],return)</action>
	</override>
	<override action="emby25">
		<condition>!String.IsEqual(Window(home).Property(emby.wnodes.25.type),tvshows) + !String.IsEqual(Window(home).Property(emby.wnodes.25.type),movies) + !String.IsEqual(Window(home).Property(emby.wnodes.25.type),homevideos)</condition>
		<action>ActivateWindow(videos,$INFO[Window(home).Property(emby.wnodes.25.content)],return)</action>
	</override>
	<override action="emby26">
		<condition>String.IsEqual(Window(home).Property(emby.wnodes.26.type),tvshows) | String.IsEqual(Window(home).Property(emby.wnodes.26.type),movies)</condition>
		<action>SetProperty(EmbyHubNr,16,home)</action>
		<action>ActivateWindow(1130)</action>
	</override>
	<override action="emby26">
		<condition>String.IsEqual(Window(home).Property(emby.wnodes.26.type),homevideos)</condition>
		<action>ActivateWindow(pictures,$INFO[Window(home).Property(emby.wnodes.26.content)],return)</action>
	</override>
	<override action="emby26">
		<condition>!String.IsEqual(Window(home).Property(emby.wnodes.26.type),tvshows) + !String.IsEqual(Window(home).Property(emby.wnodes.26.type),movies) + !String.IsEqual(Window(home).Property(emby.wnodes.26.type),homevideos)</condition>
		<action>ActivateWindow(videos,$INFO[Window(home).Property(emby.wnodes.26.content)],return)</action>
	</override>
	<override action="emby27">
		<condition>String.IsEqual(Window(home).Property(emby.wnodes.27.type),tvshows) | String.IsEqual(Window(home).Property(emby.wnodes.27.type),movies)</condition>
		<action>SetProperty(EmbyHubNr,17,home)</action>
		<action>ActivateWindow(1130)</action>
	</override>
	<override action="emby27">
		<condition>String.IsEqual(Window(home).Property(emby.wnodes.27.type),homevideos)</condition>
		<action>ActivateWindow(pictures,$INFO[Window(home).Property(emby.wnodes.27.content)],return)</action>
	</override>
	<override action="emby27">
		<condition>!String.IsEqual(Window(home).Property(emby.wnodes.27.type),tvshows) + !String.IsEqual(Window(home).Property(emby.wnodes.27.type),movies) + !String.IsEqual(Window(home).Property(emby.wnodes.27.type),homevideos)</condition>
		<action>ActivateWindow(videos,$INFO[Window(home).Property(emby.wnodes.27.content)],return)</action>
	</override>
	<override action="emby28">
		<condition>String.IsEqual(Window(home).Property(emby.wnodes.28.type),tvshows) | String.IsEqual(Window(home).Property(emby.wnodes.28.type),movies)</condition>
		<action>SetProperty(EmbyHubNr,18,home)</action>
		<action>ActivateWindow(1130)</action>
	</override>
	<override action="emby28">
		<condition>String.IsEqual(Window(home).Property(emby.wnodes.28.type),homevideos)</condition>
		<action>ActivateWindow(pictures,$INFO[Window(home).Property(emby.wnodes.28.content)],return)</action>
	</override>
	<override action="emby28">
		<condition>!String.IsEqual(Window(home).Property(emby.wnodes.28.type),tvshows) + !String.IsEqual(Window(home).Property(emby.wnodes.28.type),movies) + !String.IsEqual(Window(home).Property(emby.wnodes.28.type),homevideos)</condition>
		<action>ActivateWindow(videos,$INFO[Window(home).Property(emby.wnodes.28.content)],return)</action>
	</override>
	<override action="emby29">
		<condition>String.IsEqual(Window(home).Property(emby.wnodes.29.type),tvshows) | String.IsEqual(Window(home).Property(emby.wnodes.29.type),movies)</condition>
		<action>SetProperty(EmbyHubNr,19,home)</action>
		<action>ActivateWindow(1130)</action>
	</override>
	<override action="emby29">
		<condition>String.IsEqual(Window(home).Property(emby.wnodes.29.type),homevideos)</condition>
		<action>ActivateWindow(pictures,$INFO[Window(home).Property(emby.wnodes.29.content)],return)</action>
	</override>
	<override action="emby29">
		<condition>!String.IsEqual(Window(home).Property(emby.wnodes.29.type),tvshows) + !String.IsEqual(Window(home).Property(emby.wnodes.29.type),movies) + !String.IsEqual(Window(home).Property(emby.wnodes.29.type),homevideos)</condition>
		<action>ActivateWindow(videos,$INFO[Window(home).Property(emby.wnodes.29.content)],return)</action>
	</override>
	<!-- embycon overrides -->
	<override action="embycon0">
		<condition>!String.IsEqual(Window(home).Property(plugin.video.embycon-view_item.0.type),boxsets)</condition>
		<action>SetProperty(EmbyHubNr,0,home)</action>
		<action>ActivateWindow(1131)</action>
	</override>
	<override action="embycon0">
		<condition>String.IsEqual(Window(home).Property(plugin.video.embycon-view_item.0.type),boxsets)</condition>
		<action>ActivateWindow(videos,plugin://plugin.video.embycon/?media_type=boxsets&amp;mode=GET_CONTENT&amp;url=%7bserver%7d%2femby%2fUsers%2f%7buserid%7d%2fItems%3fParentId%3d$INFO[Window(home).Property(plugin.video.embycon-view_item.0.id)]&amp;%26IsVirtualUnaired%3dfalse%26IncludeItemTypes%3dBoxset%26CollapseBoxSetItems%3dTrue%26GroupItemsIntoCollections%3dTrue%26Recursive%3dtrue%26IsMissing%3dFalse%26Fields%3d%7bfield_filters%7d%26ImageTypeLimit%3d1%26SortBy%3dName%26SortOrder%3dAscending%26format%3djson,return)</action>
	</override>
	<override action="embycon1">
		<condition>!String.IsEqual(Window(home).Property(plugin.video.embycon-view_item.1.type),boxsets)</condition>
		<action>SetProperty(EmbyHubNr,1,home)</action>
		<action>ActivateWindow(1131)</action>
	</override>
	<override action="embycon1">
		<condition>String.IsEqual(Window(home).Property(plugin.video.embycon-view_item.1.type),boxsets)</condition>
		<action>ActivateWindow(videos,plugin://plugin.video.embycon/?media_type=boxsets&amp;mode=GET_CONTENT&amp;url=%7bserver%7d%2femby%2fUsers%2f%7buserid%7d%2fItems%3fParentId%3d$INFO[Window(home).Property(plugin.video.embycon-view_item.1.id)]&amp;%26IsVirtualUnaired%3dfalse%26IncludeItemTypes%3dBoxset%26CollapseBoxSetItems%3dTrue%26GroupItemsIntoCollections%3dTrue%26Recursive%3dtrue%26IsMissing%3dFalse%26Fields%3d%7bfield_filters%7d%26ImageTypeLimit%3d1%26SortBy%3dName%26SortOrder%3dAscending%26format%3djson,return)</action>
	</override>
	<override action="embycon2">
		<condition>!String.IsEqual(Window(home).Property(plugin.video.embycon-view_item.2.type),boxsets)</condition>
		<action>SetProperty(EmbyHubNr,2,home)</action>
		<action>ActivateWindow(1131)</action>
	</override>
	<override action="embycon2">
		<condition>String.IsEqual(Window(home).Property(plugin.video.embycon-view_item.2.type),boxsets)</condition>
		<action>ActivateWindow(videos,plugin://plugin.video.embycon/?media_type=boxsets&amp;mode=GET_CONTENT&amp;url=%7bserver%7d%2femby%2fUsers%2f%7buserid%7d%2fItems%3fParentId%3d$INFO[Window(home).Property(plugin.video.embycon-view_item.2.id)]&amp;%26IsVirtualUnaired%3dfalse%26IncludeItemTypes%3dBoxset%26CollapseBoxSetItems%3dTrue%26GroupItemsIntoCollections%3dTrue%26Recursive%3dtrue%26IsMissing%3dFalse%26Fields%3d%7bfield_filters%7d%26ImageTypeLimit%3d1%26SortBy%3dName%26SortOrder%3dAscending%26format%3djson,return)</action>
	</override>
	<override action="embycon3">
		<condition>!String.IsEqual(Window(home).Property(plugin.video.embycon-view_item.3.type),boxsets)</condition>
		<action>SetProperty(EmbyHubNr,3,home)</action>
		<action>ActivateWindow(1131)</action>
	</override>
	<override action="embycon3">
		<condition>String.IsEqual(Window(home).Property(plugin.video.embycon-view_item.3.type),boxsets)</condition>
		<action>ActivateWindow(videos,plugin://plugin.video.embycon/?media_type=boxsets&amp;mode=GET_CONTENT&amp;url=%7bserver%7d%2femby%2fUsers%2f%7buserid%7d%2fItems%3fParentId%3d$INFO[Window(home).Property(plugin.video.embycon-view_item.3.id)]&amp;%26IsVirtualUnaired%3dfalse%26IncludeItemTypes%3dBoxset%26CollapseBoxSetItems%3dTrue%26GroupItemsIntoCollections%3dTrue%26Recursive%3dtrue%26IsMissing%3dFalse%26Fields%3d%7bfield_filters%7d%26ImageTypeLimit%3d1%26SortBy%3dName%26SortOrder%3dAscending%26format%3djson,return)</action>
	</override>
	<override action="embycon4">
		<condition>!String.IsEqual(Window(home).Property(plugin.video.embycon-view_item.4.type),boxsets)</condition>
		<action>SetProperty(EmbyHubNr,4,home)</action>
		<action>ActivateWindow(1131)</action>
	</override>
	<override action="embycon4">
		<condition>String.IsEqual(Window(home).Property(plugin.video.embycon-view_item.4.type),boxsets)</condition>
		<action>ActivateWindow(videos,plugin://plugin.video.embycon/?media_type=boxsets&amp;mode=GET_CONTENT&amp;url=%7bserver%7d%2femby%2fUsers%2f%7buserid%7d%2fItems%3fParentId%3d$INFO[Window(home).Property(plugin.video.embycon-view_item.4.id)]&amp;%26IsVirtualUnaired%3dfalse%26IncludeItemTypes%3dBoxset%26CollapseBoxSetItems%3dTrue%26GroupItemsIntoCollections%3dTrue%26Recursive%3dtrue%26IsMissing%3dFalse%26Fields%3d%7bfield_filters%7d%26ImageTypeLimit%3d1%26SortBy%3dName%26SortOrder%3dAscending%26format%3djson,return)</action>
	</override>
	<override action="embycon5">
		<condition>!String.IsEqual(Window(home).Property(plugin.video.embycon-view_item.5.type),boxsets)</condition>
		<action>SetProperty(EmbyHubNr,5,home)</action>
		<action>ActivateWindow(1131)</action>
	</override>
	<override action="embycon5">
		<condition>String.IsEqual(Window(home).Property(plugin.video.embycon-view_item.5.type),boxsets)</condition>
		<action>ActivateWindow(videos,plugin://plugin.video.embycon/?media_type=boxsets&amp;mode=GET_CONTENT&amp;url=%7bserver%7d%2femby%2fUsers%2f%7buserid%7d%2fItems%3fParentId%3d$INFO[Window(home).Property(plugin.video.embycon-view_item.5.id)]&amp;%26IsVirtualUnaired%3dfalse%26IncludeItemTypes%3dBoxset%26CollapseBoxSetItems%3dTrue%26GroupItemsIntoCollections%3dTrue%26Recursive%3dtrue%26IsMissing%3dFalse%26Fields%3d%7bfield_filters%7d%26ImageTypeLimit%3d1%26SortBy%3dName%26SortOrder%3dAscending%26format%3djson,return)</action>
	</override>
	<override action="embycon6">
		<condition>!String.IsEqual(Window(home).Property(plugin.video.embycon-view_item.6.type),boxsets)</condition>
		<action>SetProperty(EmbyHubNr,6,home)</action>
		<action>ActivateWindow(1131)</action>
	</override>
	<override action="embycon6">
		<condition>String.IsEqual(Window(home).Property(plugin.video.embycon-view_item.6.type),boxsets)</condition>
		<action>ActivateWindow(videos,plugin://plugin.video.embycon/?media_type=boxsets&amp;mode=GET_CONTENT&amp;url=%7bserver%7d%2femby%2fUsers%2f%7buserid%7d%2fItems%3fParentId%3d$INFO[Window(home).Property(plugin.video.embycon-view_item.6.id)]&amp;%26IsVirtualUnaired%3dfalse%26IncludeItemTypes%3dBoxset%26CollapseBoxSetItems%3dTrue%26GroupItemsIntoCollections%3dTrue%26Recursive%3dtrue%26IsMissing%3dFalse%26Fields%3d%7bfield_filters%7d%26ImageTypeLimit%3d1%26SortBy%3dName%26SortOrder%3dAscending%26format%3djson,return)</action>
	</override>
	<override action="embycon7">
		<condition>!String.IsEqual(Window(home).Property(plugin.video.embycon-view_item.7.type),boxsets)</condition>
		<action>SetProperty(EmbyHubNr,7,home)</action>
		<action>ActivateWindow(1131)</action>
	</override>
	<override action="embycon7">
		<condition>String.IsEqual(Window(home).Property(plugin.video.embycon-view_item.7.type),boxsets)</condition>
		<action>ActivateWindow(videos,plugin://plugin.video.embycon/?media_type=boxsets&amp;mode=GET_CONTENT&amp;url=%7bserver%7d%2femby%2fUsers%2f%7buserid%7d%2fItems%3fParentId%3d$INFO[Window(home).Property(plugin.video.embycon-view_item.7.id)]&amp;%26IsVirtualUnaired%3dfalse%26IncludeItemTypes%3dBoxset%26CollapseBoxSetItems%3dTrue%26GroupItemsIntoCollections%3dTrue%26Recursive%3dtrue%26IsMissing%3dFalse%26Fields%3d%7bfield_filters%7d%26ImageTypeLimit%3d1%26SortBy%3dName%26SortOrder%3dAscending%26format%3djson,return)</action>
	</override>
	<override action="embycon8">
		<condition>!String.IsEqual(Window(home).Property(plugin.video.embycon-view_item.8.type),boxsets)</condition>
		<action>SetProperty(EmbyHubNr,8,home)</action>
		<action>ActivateWindow(1131)</action>
	</override>
	<override action="embycon8">
		<condition>String.IsEqual(Window(home).Property(plugin.video.embycon-view_item.8.type),boxsets)</condition>
		<action>ActivateWindow(videos,plugin://plugin.video.embycon/?media_type=boxsets&amp;mode=GET_CONTENT&amp;url=%7bserver%7d%2femby%2fUsers%2f%7buserid%7d%2fItems%3fParentId%3d$INFO[Window(home).Property(plugin.video.embycon-view_item.8.id)]&amp;%26IsVirtualUnaired%3dfalse%26IncludeItemTypes%3dBoxset%26CollapseBoxSetItems%3dTrue%26GroupItemsIntoCollections%3dTrue%26Recursive%3dtrue%26IsMissing%3dFalse%26Fields%3d%7bfield_filters%7d%26ImageTypeLimit%3d1%26SortBy%3dName%26SortOrder%3dAscending%26format%3djson,return)</action>
	</override>
	<override action="embycon9">
		<condition>!String.IsEqual(Window(home).Property(plugin.video.embycon-view_item.9.type),boxsets)</condition>
		<action>SetProperty(EmbyHubNr,9,home)</action>
		<action>ActivateWindow(1131)</action>
	</override>
	<override action="embycon9">
		<condition>String.IsEqual(Window(home).Property(plugin.video.embycon-view_item.9.type),boxsets)</condition>
		<action>ActivateWindow(videos,plugin://plugin.video.embycon/?media_type=boxsets&amp;mode=GET_CONTENT&amp;url=%7bserver%7d%2femby%2fUsers%2f%7buserid%7d%2fItems%3fParentId%3d$INFO[Window(home).Property(plugin.video.embycon-view_item.9.id)]&amp;%26IsVirtualUnaired%3dfalse%26IncludeItemTypes%3dBoxset%26CollapseBoxSetItems%3dTrue%26GroupItemsIntoCollections%3dTrue%26Recursive%3dtrue%26IsMissing%3dFalse%26Fields%3d%7bfield_filters%7d%26ImageTypeLimit%3d1%26SortBy%3dName%26SortOrder%3dAscending%26format%3djson,return)</action>
	</override>
	<override action="embycon10">
		<condition>!String.IsEqual(Window(home).Property(plugin.video.embycon-view_item.10.type),boxsets)</condition>
		<action>SetProperty(EmbyHubNr,10,home)</action>
		<action>ActivateWindow(1131)</action>
	</override>
	<override action="embycon10">
		<condition>String.IsEqual(Window(home).Property(plugin.video.embycon-view_item.10.type),boxsets)</condition>
		<action>ActivateWindow(videos,plugin://plugin.video.embycon/?media_type=boxsets&amp;mode=GET_CONTENT&amp;url=%7bserver%7d%2femby%2fUsers%2f%7buserid%7d%2fItems%3fParentId%3d$INFO[Window(home).Property(plugin.video.embycon-view_item.10.id)]&amp;%26IsVirtualUnaired%3dfalse%26IncludeItemTypes%3dBoxset%26CollapseBoxSetItems%3dTrue%26GroupItemsIntoCollections%3dTrue%26Recursive%3dtrue%26IsMissing%3dFalse%26Fields%3d%7bfield_filters%7d%26ImageTypeLimit%3d1%26SortBy%3dName%26SortOrder%3dAscending%26format%3djson,return)</action>
	</override>
	<override action="embycon11">
		<condition>!String.IsEqual(Window(home).Property(plugin.video.embycon-view_item.11.type),boxsets)</condition>
		<action>SetProperty(EmbyHubNr,11,home)</action>
		<action>ActivateWindow(1131)</action>
	</override>
	<override action="embycon11">
		<condition>String.IsEqual(Window(home).Property(plugin.video.embycon-view_item.11.type),boxsets)</condition>
		<action>ActivateWindow(videos,plugin://plugin.video.embycon/?media_type=boxsets&amp;mode=GET_CONTENT&amp;url=%7bserver%7d%2femby%2fUsers%2f%7buserid%7d%2fItems%3fParentId%3d$INFO[Window(home).Property(plugin.video.embycon-view_item.11.id)]&amp;%26IsVirtualUnaired%3dfalse%26IncludeItemTypes%3dBoxset%26CollapseBoxSetItems%3dTrue%26GroupItemsIntoCollections%3dTrue%26Recursive%3dtrue%26IsMissing%3dFalse%26Fields%3d%7bfield_filters%7d%26ImageTypeLimit%3d1%26SortBy%3dName%26SortOrder%3dAscending%26format%3djson,return)</action>
	</override>
	<override action="embycon12">
		<condition>!String.IsEqual(Window(home).Property(plugin.video.embycon-view_item.12.type),boxsets)</condition>
		<action>SetProperty(EmbyHubNr,12,home)</action>
		<action>ActivateWindow(1131)</action>
	</override>
	<override action="embycon12">
		<condition>String.IsEqual(Window(home).Property(plugin.video.embycon-view_item.12.type),boxsets)</condition>
		<action>ActivateWindow(videos,plugin://plugin.video.embycon/?media_type=boxsets&amp;mode=GET_CONTENT&amp;url=%7bserver%7d%2femby%2fUsers%2f%7buserid%7d%2fItems%3fParentId%3d$INFO[Window(home).Property(plugin.video.embycon-view_item.12.id)]&amp;%26IsVirtualUnaired%3dfalse%26IncludeItemTypes%3dBoxset%26CollapseBoxSetItems%3dTrue%26GroupItemsIntoCollections%3dTrue%26Recursive%3dtrue%26IsMissing%3dFalse%26Fields%3d%7bfield_filters%7d%26ImageTypeLimit%3d1%26SortBy%3dName%26SortOrder%3dAscending%26format%3djson,return)</action>
	</override>
	<override action="embycon13">
		<condition>!String.IsEqual(Window(home).Property(plugin.video.embycon-view_item.13.type),boxsets)</condition>
		<action>SetProperty(EmbyHubNr,13,home)</action>
		<action>ActivateWindow(1131)</action>
	</override>
	<override action="embycon13">
		<condition>String.IsEqual(Window(home).Property(plugin.video.embycon-view_item.13.type),boxsets)</condition>
		<action>ActivateWindow(videos,plugin://plugin.video.embycon/?media_type=boxsets&amp;mode=GET_CONTENT&amp;url=%7bserver%7d%2femby%2fUsers%2f%7buserid%7d%2fItems%3fParentId%3d$INFO[Window(home).Property(plugin.video.embycon-view_item.13.id)]&amp;%26IsVirtualUnaired%3dfalse%26IncludeItemTypes%3dBoxset%26CollapseBoxSetItems%3dTrue%26GroupItemsIntoCollections%3dTrue%26Recursive%3dtrue%26IsMissing%3dFalse%26Fields%3d%7bfield_filters%7d%26ImageTypeLimit%3d1%26SortBy%3dName%26SortOrder%3dAscending%26format%3djson,return)</action>
	</override>
	<override action="embycon14">
		<condition>!String.IsEqual(Window(home).Property(plugin.video.embycon-view_item.14.type),boxsets)</condition>
		<action>SetProperty(EmbyHubNr,14,home)</action>
		<action>ActivateWindow(1131)</action>
	</override>
	<override action="embycon14">
		<condition>String.IsEqual(Window(home).Property(plugin.video.embycon-view_item.14.type),boxsets)</condition>
		<action>ActivateWindow(videos,plugin://plugin.video.embycon/?media_type=boxsets&amp;mode=GET_CONTENT&amp;url=%7bserver%7d%2femby%2fUsers%2f%7buserid%7d%2fItems%3fParentId%3d$INFO[Window(home).Property(plugin.video.embycon-view_item.14.id)]&amp;%26IsVirtualUnaired%3dfalse%26IncludeItemTypes%3dBoxset%26CollapseBoxSetItems%3dTrue%26GroupItemsIntoCollections%3dTrue%26Recursive%3dtrue%26IsMissing%3dFalse%26Fields%3d%7bfield_filters%7d%26ImageTypeLimit%3d1%26SortBy%3dName%26SortOrder%3dAscending%26format%3djson,return)</action>
	</override>
	<override action="embycon15">
		<condition>!String.IsEqual(Window(home).Property(plugin.video.embycon-view_item.15.type),boxsets)</condition>
		<action>SetProperty(EmbyHubNr,15,home)</action>
		<action>ActivateWindow(1131)</action>
	</override>
	<override action="embycon15">
		<condition>String.IsEqual(Window(home).Property(plugin.video.embycon-view_item.15.type),boxsets)</condition>
		<action>ActivateWindow(videos,plugin://plugin.video.embycon/?media_type=boxsets&amp;mode=GET_CONTENT&amp;url=%7bserver%7d%2femby%2fUsers%2f%7buserid%7d%2fItems%3fParentId%3d$INFO[Window(home).Property(plugin.video.embycon-view_item.15.id)]&amp;%26IsVirtualUnaired%3dfalse%26IncludeItemTypes%3dBoxset%26CollapseBoxSetItems%3dTrue%26GroupItemsIntoCollections%3dTrue%26Recursive%3dtrue%26IsMissing%3dFalse%26Fields%3d%7bfield_filters%7d%26ImageTypeLimit%3d1%26SortBy%3dName%26SortOrder%3dAscending%26format%3djson,return)</action>
	</override>
	<override action="embycon16">
		<condition>!String.IsEqual(Window(home).Property(plugin.video.embycon-view_item.16.type),boxsets)</condition>
		<action>SetProperty(EmbyHubNr,16,home)</action>
		<action>ActivateWindow(1131)</action>
	</override>
	<override action="embycon16">
		<condition>String.IsEqual(Window(home).Property(plugin.video.embycon-view_item.16.type),boxsets)</condition>
		<action>ActivateWindow(videos,plugin://plugin.video.embycon/?media_type=boxsets&amp;mode=GET_CONTENT&amp;url=%7bserver%7d%2femby%2fUsers%2f%7buserid%7d%2fItems%3fParentId%3d$INFO[Window(home).Property(plugin.video.embycon-view_item.16.id)]&amp;%26IsVirtualUnaired%3dfalse%26IncludeItemTypes%3dBoxset%26CollapseBoxSetItems%3dTrue%26GroupItemsIntoCollections%3dTrue%26Recursive%3dtrue%26IsMissing%3dFalse%26Fields%3d%7bfield_filters%7d%26ImageTypeLimit%3d1%26SortBy%3dName%26SortOrder%3dAscending%26format%3djson,return)</action>
	</override>
	<override action="embycon17">
		<condition>!String.IsEqual(Window(home).Property(plugin.video.embycon-view_item.17.type),boxsets)</condition>
		<action>SetProperty(EmbyHubNr,17,home)</action>
		<action>ActivateWindow(1131)</action>
	</override>
	<override action="embycon17">
		<condition>String.IsEqual(Window(home).Property(plugin.video.embycon-view_item.17.type),boxsets)</condition>
		<action>ActivateWindow(videos,plugin://plugin.video.embycon/?media_type=boxsets&amp;mode=GET_CONTENT&amp;url=%7bserver%7d%2femby%2fUsers%2f%7buserid%7d%2fItems%3fParentId%3d$INFO[Window(home).Property(plugin.video.embycon-view_item.17.id)]&amp;%26IsVirtualUnaired%3dfalse%26IncludeItemTypes%3dBoxset%26CollapseBoxSetItems%3dTrue%26GroupItemsIntoCollections%3dTrue%26Recursive%3dtrue%26IsMissing%3dFalse%26Fields%3d%7bfield_filters%7d%26ImageTypeLimit%3d1%26SortBy%3dName%26SortOrder%3dAscending%26format%3djson,return)</action>
	</override>
	<override action="embycon18">
		<condition>!String.IsEqual(Window(home).Property(plugin.video.embycon-view_item.18.type),boxsets)</condition>
		<action>SetProperty(EmbyHubNr,18,home)</action>
		<action>ActivateWindow(1131)</action>
	</override>
	<override action="embycon18">
		<condition>String.IsEqual(Window(home).Property(plugin.video.embycon-view_item.18.type),boxsets)</condition>
		<action>ActivateWindow(videos,plugin://plugin.video.embycon/?media_type=boxsets&amp;mode=GET_CONTENT&amp;url=%7bserver%7d%2femby%2fUsers%2f%7buserid%7d%2fItems%3fParentId%3d$INFO[Window(home).Property(plugin.video.embycon-view_item.18.id)]&amp;%26IsVirtualUnaired%3dfalse%26IncludeItemTypes%3dBoxset%26CollapseBoxSetItems%3dTrue%26GroupItemsIntoCollections%3dTrue%26Recursive%3dtrue%26IsMissing%3dFalse%26Fields%3d%7bfield_filters%7d%26ImageTypeLimit%3d1%26SortBy%3dName%26SortOrder%3dAscending%26format%3djson,return)</action>
	</override>
	<override action="embycon19">
		<condition>!String.IsEqual(Window(home).Property(plugin.video.embycon-view_item.19.type),boxsets)</condition>
		<action>SetProperty(EmbyHubNr,19,home)</action>
		<action>ActivateWindow(1131)</action>
	</override>
	<override action="embycon19">
		<condition>String.IsEqual(Window(home).Property(plugin.video.embycon-view_item.19.type),boxsets)</condition>
		<action>ActivateWindow(videos,plugin://plugin.video.embycon/?media_type=boxsets&amp;mode=GET_CONTENT&amp;url=%7bserver%7d%2femby%2fUsers%2f%7buserid%7d%2fItems%3fParentId%3d$INFO[Window(home).Property(plugin.video.embycon-view_item.19.id)]&amp;%26IsVirtualUnaired%3dfalse%26IncludeItemTypes%3dBoxset%26CollapseBoxSetItems%3dTrue%26GroupItemsIntoCollections%3dTrue%26Recursive%3dtrue%26IsMissing%3dFalse%26Fields%3d%7bfield_filters%7d%26ImageTypeLimit%3d1%26SortBy%3dName%26SortOrder%3dAscending%26format%3djson,return)</action>
	</override>
	<override action="embycon20">
		<condition>!String.IsEqual(Window(home).Property(plugin.video.embycon-view_item.20.type),boxsets)</condition>
		<action>SetProperty(EmbyHubNr,20,home)</action>
		<action>ActivateWindow(1131)</action>
	</override>
	<override action="embycon20">
		<condition>String.IsEqual(Window(home).Property(plugin.video.embycon-view_item.20.type),boxsets)</condition>
		<action>ActivateWindow(videos,plugin://plugin.video.embycon/?media_type=boxsets&amp;mode=GET_CONTENT&amp;url=%7bserver%7d%2femby%2fUsers%2f%7buserid%7d%2fItems%3fParentId%3d$INFO[Window(home).Property(plugin.video.embycon-view_item.20.id)]&amp;%26IsVirtualUnaired%3dfalse%26IncludeItemTypes%3dBoxset%26CollapseBoxSetItems%3dTrue%26GroupItemsIntoCollections%3dTrue%26Recursive%3dtrue%26IsMissing%3dFalse%26Fields%3d%7bfield_filters%7d%26ImageTypeLimit%3d1%26SortBy%3dName%26SortOrder%3dAscending%26format%3djson,return)</action>
	</override>
	<override action="embycon21">
		<condition>!String.IsEqual(Window(home).Property(plugin.video.embycon-view_item.21.type),boxsets)</condition>
		<action>SetProperty(EmbyHubNr,21,home)</action>
		<action>ActivateWindow(1131)</action>
	</override>
	<override action="embycon21">
		<condition>String.IsEqual(Window(home).Property(plugin.video.embycon-view_item.21.type),boxsets)</condition>
		<action>ActivateWindow(videos,plugin://plugin.video.embycon/?media_type=boxsets&amp;mode=GET_CONTENT&amp;url=%7bserver%7d%2femby%2fUsers%2f%7buserid%7d%2fItems%3fParentId%3d$INFO[Window(home).Property(plugin.video.embycon-view_item.21.id)]&amp;%26IsVirtualUnaired%3dfalse%26IncludeItemTypes%3dBoxset%26CollapseBoxSetItems%3dTrue%26GroupItemsIntoCollections%3dTrue%26Recursive%3dtrue%26IsMissing%3dFalse%26Fields%3d%7bfield_filters%7d%26ImageTypeLimit%3d1%26SortBy%3dName%26SortOrder%3dAscending%26format%3djson,return)</action>
	</override>
	<override action="embycon22">
		<condition>!String.IsEqual(Window(home).Property(plugin.video.embycon-view_item.22.type),boxsets)</condition>
		<action>SetProperty(EmbyHubNr,22,home)</action>
		<action>ActivateWindow(1131)</action>
	</override>
	<override action="embycon22">
		<condition>String.IsEqual(Window(home).Property(plugin.video.embycon-view_item.22.type),boxsets)</condition>
		<action>ActivateWindow(videos,plugin://plugin.video.embycon/?media_type=boxsets&amp;mode=GET_CONTENT&amp;url=%7bserver%7d%2femby%2fUsers%2f%7buserid%7d%2fItems%3fParentId%3d$INFO[Window(home).Property(plugin.video.embycon-view_item.22.id)]&amp;%26IsVirtualUnaired%3dfalse%26IncludeItemTypes%3dBoxset%26CollapseBoxSetItems%3dTrue%26GroupItemsIntoCollections%3dTrue%26Recursive%3dtrue%26IsMissing%3dFalse%26Fields%3d%7bfield_filters%7d%26ImageTypeLimit%3d1%26SortBy%3dName%26SortOrder%3dAscending%26format%3djson,return)</action>
	</override>
	<override action="embycon23">
		<condition>!String.IsEqual(Window(home).Property(plugin.video.embycon-view_item.23.type),boxsets)</condition>
		<action>SetProperty(EmbyHubNr,23,home)</action>
		<action>ActivateWindow(1131)</action>
	</override>
	<override action="embycon23">
		<condition>String.IsEqual(Window(home).Property(plugin.video.embycon-view_item.23.type),boxsets)</condition>
		<action>ActivateWindow(videos,plugin://plugin.video.embycon/?media_type=boxsets&amp;mode=GET_CONTENT&amp;url=%7bserver%7d%2femby%2fUsers%2f%7buserid%7d%2fItems%3fParentId%3d$INFO[Window(home).Property(plugin.video.embycon-view_item.23.id)]&amp;%26IsVirtualUnaired%3dfalse%26IncludeItemTypes%3dBoxset%26CollapseBoxSetItems%3dTrue%26GroupItemsIntoCollections%3dTrue%26Recursive%3dtrue%26IsMissing%3dFalse%26Fields%3d%7bfield_filters%7d%26ImageTypeLimit%3d1%26SortBy%3dName%26SortOrder%3dAscending%26format%3djson,return)</action>
	</override>
	<override action="embycon24">
		<condition>!String.IsEqual(Window(home).Property(plugin.video.embycon-view_item.24.type),boxsets)</condition>
		<action>SetProperty(EmbyHubNr,24,home)</action>
		<action>ActivateWindow(1131)</action>
	</override>
	<override action="embycon24">
		<condition>String.IsEqual(Window(home).Property(plugin.video.embycon-view_item.24.type),boxsets)</condition>
		<action>ActivateWindow(videos,plugin://plugin.video.embycon/?media_type=boxsets&amp;mode=GET_CONTENT&amp;url=%7bserver%7d%2femby%2fUsers%2f%7buserid%7d%2fItems%3fParentId%3d$INFO[Window(home).Property(plugin.video.embycon-view_item.24.id)]&amp;%26IsVirtualUnaired%3dfalse%26IncludeItemTypes%3dBoxset%26CollapseBoxSetItems%3dTrue%26GroupItemsIntoCollections%3dTrue%26Recursive%3dtrue%26IsMissing%3dFalse%26Fields%3d%7bfield_filters%7d%26ImageTypeLimit%3d1%26SortBy%3dName%26SortOrder%3dAscending%26format%3djson,return)</action>
	</override>
	<override action="embycon25">
		<condition>!String.IsEqual(Window(home).Property(plugin.video.embycon-view_item.25.type),boxsets)</condition>
		<action>SetProperty(EmbyHubNr,25,home)</action>
		<action>ActivateWindow(1131)</action>
	</override>
	<override action="embycon25">
		<condition>String.IsEqual(Window(home).Property(plugin.video.embycon-view_item.25.type),boxsets)</condition>
		<action>ActivateWindow(videos,plugin://plugin.video.embycon/?media_type=boxsets&amp;mode=GET_CONTENT&amp;url=%7bserver%7d%2femby%2fUsers%2f%7buserid%7d%2fItems%3fParentId%3d$INFO[Window(home).Property(plugin.video.embycon-view_item.25.id)]&amp;%26IsVirtualUnaired%3dfalse%26IncludeItemTypes%3dBoxset%26CollapseBoxSetItems%3dTrue%26GroupItemsIntoCollections%3dTrue%26Recursive%3dtrue%26IsMissing%3dFalse%26Fields%3d%7bfield_filters%7d%26ImageTypeLimit%3d1%26SortBy%3dName%26SortOrder%3dAscending%26format%3djson,return)</action>
	</override>
	<override action="embycon26">
		<condition>!String.IsEqual(Window(home).Property(plugin.video.embycon-view_item.26.type),boxsets)</condition>
		<action>SetProperty(EmbyHubNr,26,home)</action>
		<action>ActivateWindow(1131)</action>
	</override>
	<override action="embycon26">
		<condition>String.IsEqual(Window(home).Property(plugin.video.embycon-view_item.26.type),boxsets)</condition>
		<action>ActivateWindow(videos,plugin://plugin.video.embycon/?media_type=boxsets&amp;mode=GET_CONTENT&amp;url=%7bserver%7d%2femby%2fUsers%2f%7buserid%7d%2fItems%3fParentId%3d$INFO[Window(home).Property(plugin.video.embycon-view_item.26.id)]&amp;%26IsVirtualUnaired%3dfalse%26IncludeItemTypes%3dBoxset%26CollapseBoxSetItems%3dTrue%26GroupItemsIntoCollections%3dTrue%26Recursive%3dtrue%26IsMissing%3dFalse%26Fields%3d%7bfield_filters%7d%26ImageTypeLimit%3d1%26SortBy%3dName%26SortOrder%3dAscending%26format%3djson,return)</action>
	</override>
	<override action="embycon27">
		<condition>!String.IsEqual(Window(home).Property(plugin.video.embycon-view_item.27.type),boxsets)</condition>
		<action>SetProperty(EmbyHubNr,27,home)</action>
		<action>ActivateWindow(1131)</action>
	</override>
	<override action="embycon27">
		<condition>String.IsEqual(Window(home).Property(plugin.video.embycon-view_item.27.type),boxsets)</condition>
		<action>ActivateWindow(videos,plugin://plugin.video.embycon/?media_type=boxsets&amp;mode=GET_CONTENT&amp;url=%7bserver%7d%2femby%2fUsers%2f%7buserid%7d%2fItems%3fParentId%3d$INFO[Window(home).Property(plugin.video.embycon-view_item.27.id)]&amp;%26IsVirtualUnaired%3dfalse%26IncludeItemTypes%3dBoxset%26CollapseBoxSetItems%3dTrue%26GroupItemsIntoCollections%3dTrue%26Recursive%3dtrue%26IsMissing%3dFalse%26Fields%3d%7bfield_filters%7d%26ImageTypeLimit%3d1%26SortBy%3dName%26SortOrder%3dAscending%26format%3djson,return)</action>
	</override>
	<override action="embycon28">
		<condition>!String.IsEqual(Window(home).Property(plugin.video.embycon-view_item.28.type),boxsets)</condition>
		<action>SetProperty(EmbyHubNr,28,home)</action>
		<action>ActivateWindow(1131)</action>
	</override>
	<override action="embycon28">
		<condition>String.IsEqual(Window(home).Property(plugin.video.embycon-view_item.28.type),boxsets)</condition>
		<action>ActivateWindow(videos,plugin://plugin.video.embycon/?media_type=boxsets&amp;mode=GET_CONTENT&amp;url=%7bserver%7d%2femby%2fUsers%2f%7buserid%7d%2fItems%3fParentId%3d$INFO[Window(home).Property(plugin.video.embycon-view_item.28.id)]&amp;%26IsVirtualUnaired%3dfalse%26IncludeItemTypes%3dBoxset%26CollapseBoxSetItems%3dTrue%26GroupItemsIntoCollections%3dTrue%26Recursive%3dtrue%26IsMissing%3dFalse%26Fields%3d%7bfield_filters%7d%26ImageTypeLimit%3d1%26SortBy%3dName%26SortOrder%3dAscending%26format%3djson,return)</action>
	</override>
	<override action="embycon29">
		<condition>!String.IsEqual(Window(home).Property(plugin.video.embycon-view_item.29.type),boxsets)</condition>
		<action>SetProperty(EmbyHubNr,29,home)</action>
		<action>ActivateWindow(1131)</action>
	</override>
	<override action="embycon29">
		<condition>String.IsEqual(Window(home).Property(plugin.video.embycon-view_item.29.type),boxsets)</condition>
		<action>ActivateWindow(videos,plugin://plugin.video.embycon/?media_type=boxsets&amp;mode=GET_CONTENT&amp;url=%7bserver%7d%2femby%2fUsers%2f%7buserid%7d%2fItems%3fParentId%3d$INFO[Window(home).Property(plugin.video.embycon-view_item.29.id)]&amp;%26IsVirtualUnaired%3dfalse%26IncludeItemTypes%3dBoxset%26CollapseBoxSetItems%3dTrue%26GroupItemsIntoCollections%3dTrue%26Recursive%3dtrue%26IsMissing%3dFalse%26Fields%3d%7bfield_filters%7d%26ImageTypeLimit%3d1%26SortBy%3dName%26SortOrder%3dAscending%26format%3djson,return)</action>
	</override>

	<!-- moviehub -->
	<propertydefault defaultID="embuary_moviehub_movies" group="moviehub" property="isDefault">true</propertydefault>
	<propertydefault defaultID="embuary_moviehub_embycon_movies" group="moviehub" property="isDefault">true</propertydefault>
	<propertydefault defaultID="embuary_moviehub_collections" group="moviehub" property="isDefault">true</propertydefault>
	<propertydefault defaultID="embuary_moviehub_unwatched" group="moviehub" property="isDefault">true</propertydefault>
	<propertydefault defaultID="embuary_moviehub_genres" group="moviehub" property="isDefault">true</propertydefault>
	<propertydefault defaultID="embuary_moviehub_library" group="moviehub" property="isDefault">true</propertydefault>
	<propertydefault defaultID="embuary_moviehub_search" group="moviehub" property="isDefault">true</propertydefault>

	<!-- moviehub -->
	<propertydefault defaultID="embuary_tvshowhub_tvshows" group="tvshowhub" property="isDefault">true</propertydefault>
	<propertydefault defaultID="embuary_tvshowhub_embycon_tvshows" group="tvshowhub" property="isDefault">true</propertydefault>
	<propertydefault defaultID="embuary_tvshowhub_genres" group="tvshowhub" property="isDefault">true</propertydefault>
	<propertydefault defaultID="embuary_tvshowhub_unwatched" group="tvshowhub" property="isDefault">true</propertydefault>
	<propertydefault defaultID="embuary_tvshowhub_library" group="tvshowhub" property="isDefault">true</propertydefault>
	<propertydefault defaultID="embuary_tvshowhub_nextaired" group="tvshowhub" property="isDefault">true</propertydefault>
	<propertydefault defaultID="embuary_tvshowhub_search" group="tvshowhub" property="isDefault">true</propertydefault>

	<!-- musichub -->
	<propertydefault defaultID="embuary_musichub_artists" group="musichub" property="isDefault">true</propertydefault>
	<propertydefault defaultID="embuary_musichub_albums" group="musichub" property="isDefault">true</propertydefault>
	<propertydefault defaultID="embuary_musichub_songs" group="musichub" property="isDefault">true</propertydefault>
	<propertydefault defaultID="embuary_musichub_playlists" group="musichub" property="isDefault">true</propertydefault>
	<propertydefault defaultID="embuary_musichub_library" group="musichub" property="isDefault">true</propertydefault>
	<propertydefault defaultID="embuary_musichub_musicvideos" group="musichub" property="isDefault">true</propertydefault>
	<propertydefault defaultID="embuary_musichub_partymode" group="musichub" property="isDefault">true</propertydefault>
	<propertydefault defaultID="embuary_musichub_embycon_artists" group="musichub" property="isDefault">true</propertydefault>
	<propertydefault defaultID="embuary_musichub_embycon_albums" group="musichub" property="isDefault">true</propertydefault>
	<propertydefault defaultID="embuary_musichub_search" group="musichub" property="isDefault">true</propertydefault>

	<!-- home -->
	<propertydefault defaultID="embuary_all_movies" group="mainmenu" property="hasVARLabel.type">allmovies</propertydefault>
	<propertydefault defaultID="embuary_all_shows" group="mainmenu" property="hasVARLabel.type">allshows</propertydefault>
	<propertydefault defaultID="embuary_customhub" group="mainmenu" property="hasVARLabel.type">customhub</propertydefault>
	<propertydefault defaultID="embuary_all_movies" group="mainmenu" property="hasVARLabel">$VAR[MovieHubHeadline]</propertydefault>
	<propertydefault defaultID="embuary_all_shows" group="mainmenu" property="hasVARLabel">$VAR[TVShowHubHeadline]</propertydefault>
	<propertydefault defaultID="embuary_customhub" group="mainmenu" property="hasVARLabel">$VAR[CustomHubHeadline]</propertydefault>

	<propertydefault defaultID="embuary_all_movies" group="mainmenu" property="fakeArtSource">videodb://movies/titles/</propertydefault>
	<propertydefault defaultID="embuary_collections" group="mainmenu" property="fakeArtSource">videodb://movies/sets/</propertydefault>
	<propertydefault defaultID="embuary_all_shows" group="mainmenu" property="fakeArtSource">videodb://tvshows/titles/</propertydefault>
	<propertydefault defaultID="embuary_all_music" group="mainmenu" property="fakeArtSource">musicdb://albums/</propertydefault>

	<propertydefault defaultID="embuary_videos" group="mainmenu" property="isDefault">true</propertydefault>
	<propertydefault defaultID="embuary_all_movies" group="mainmenu" property="isDefault">true</propertydefault>
	<propertydefault defaultID="embuary_collections" group="mainmenu" property="isDefault">true</propertydefault>
	<propertydefault defaultID="embuary_all_shows" group="mainmenu" property="isDefault">true</propertydefault>
	<propertydefault defaultID="embuary_all_music" group="mainmenu" property="isDefault">true</propertydefault>
	<propertydefault defaultID="embuary_musicvideos" group="mainmenu" property="isDefault">true</propertydefault>
	<propertydefault defaultID="embuary_emby0" group="mainmenu" property="isDefault">true</propertydefault>
	<propertydefault defaultID="embuary_emby1" group="mainmenu" property="isDefault">true</propertydefault>
	<propertydefault defaultID="embuary_emby2" group="mainmenu" property="isDefault">true</propertydefault>
	<propertydefault defaultID="embuary_emby3" group="mainmenu" property="isDefault">true</propertydefault>
	<propertydefault defaultID="embuary_emby4" group="mainmenu" property="isDefault">true</propertydefault>
	<propertydefault defaultID="embuary_emby5" group="mainmenu" property="isDefault">true</propertydefault>
	<propertydefault defaultID="embuary_emby6" group="mainmenu" property="isDefault">true</propertydefault>
	<propertydefault defaultID="embuary_emby7" group="mainmenu" property="isDefault">true</propertydefault>
	<propertydefault defaultID="embuary_emby8" group="mainmenu" property="isDefault">true</propertydefault>
	<propertydefault defaultID="embuary_emby9" group="mainmenu" property="isDefault">true</propertydefault>
	<propertydefault defaultID="embuary_emby10" group="mainmenu" property="isDefault">true</propertydefault>
	<propertydefault defaultID="embuary_emby11" group="mainmenu" property="isDefault">true</propertydefault>
	<propertydefault defaultID="embuary_emby12" group="mainmenu" property="isDefault">true</propertydefault>
	<propertydefault defaultID="embuary_emby13" group="mainmenu" property="isDefault">true</propertydefault>
	<propertydefault defaultID="embuary_emby14" group="mainmenu" property="isDefault">true</propertydefault>
	<propertydefault defaultID="embuary_emby15" group="mainmenu" property="isDefault">true</propertydefault>
	<propertydefault defaultID="embuary_emby16" group="mainmenu" property="isDefault">true</propertydefault>
	<propertydefault defaultID="embuary_emby17" group="mainmenu" property="isDefault">true</propertydefault>
	<propertydefault defaultID="embuary_emby18" group="mainmenu" property="isDefault">true</propertydefault>
	<propertydefault defaultID="embuary_emby19" group="mainmenu" property="isDefault">true</propertydefault>
	<propertydefault defaultID="embuary_emby20" group="mainmenu" property="isDefault">true</propertydefault>
	<propertydefault defaultID="embuary_emby21" group="mainmenu" property="isDefault">true</propertydefault>
	<propertydefault defaultID="embuary_emby22" group="mainmenu" property="isDefault">true</propertydefault>
	<propertydefault defaultID="embuary_emby23" group="mainmenu" property="isDefault">true</propertydefault>
	<propertydefault defaultID="embuary_emby24" group="mainmenu" property="isDefault">true</propertydefault>
	<propertydefault defaultID="embuary_emby25" group="mainmenu" property="isDefault">true</propertydefault>
	<propertydefault defaultID="embuary_emby26" group="mainmenu" property="isDefault">true</propertydefault>
	<propertydefault defaultID="embuary_emby27" group="mainmenu" property="isDefault">true</propertydefault>
	<propertydefault defaultID="embuary_emby28" group="mainmenu" property="isDefault">true</propertydefault>
	<propertydefault defaultID="embuary_emby29" group="mainmenu" property="isDefault">true</propertydefault>
	<propertydefault defaultID="embuary_embycon0" group="mainmenu" property="isDefault">true</propertydefault>
	<propertydefault defaultID="embuary_embycon0" group="mainmenu" property="isDefault">true</propertydefault>
	<propertydefault defaultID="embuary_embycon1" group="mainmenu" property="isDefault">true</propertydefault>
	<propertydefault defaultID="embuary_embycon2" group="mainmenu" property="isDefault">true</propertydefault>
	<propertydefault defaultID="embuary_embycon3" group="mainmenu" property="isDefault">true</propertydefault>
	<propertydefault defaultID="embuary_embycon4" group="mainmenu" property="isDefault">true</propertydefault>
	<propertydefault defaultID="embuary_embycon5" group="mainmenu" property="isDefault">true</propertydefault>
	<propertydefault defaultID="embuary_embycon6" group="mainmenu" property="isDefault">true</propertydefault>
	<propertydefault defaultID="embuary_embycon7" group="mainmenu" property="isDefault">true</propertydefault>
	<propertydefault defaultID="embuary_embycon8" group="mainmenu" property="isDefault">true</propertydefault>
	<propertydefault defaultID="embuary_embycon9" group="mainmenu" property="isDefault">true</propertydefault>
	<propertydefault defaultID="embuary_embycon10" group="mainmenu" property="isDefault">true</propertydefault>
	<propertydefault defaultID="embuary_embycon11" group="mainmenu" property="isDefault">true</propertydefault>
	<propertydefault defaultID="embuary_embycon12" group="mainmenu" property="isDefault">true</propertydefault>
	<propertydefault defaultID="embuary_embycon13" group="mainmenu" property="isDefault">true</propertydefault>
	<propertydefault defaultID="embuary_embycon14" group="mainmenu" property="isDefault">true</propertydefault>
	<propertydefault defaultID="embuary_embycon15" group="mainmenu" property="isDefault">true</propertydefault>
	<propertydefault defaultID="embuary_embycon16" group="mainmenu" property="isDefault">true</propertydefault>
	<propertydefault defaultID="embuary_embycon17" group="mainmenu" property="isDefault">true</propertydefault>
	<propertydefault defaultID="embuary_embycon18" group="mainmenu" property="isDefault">true</propertydefault>
	<propertydefault defaultID="embuary_embycon19" group="mainmenu" property="isDefault">true</propertydefault>
	<propertydefault defaultID="embuary_embycon20" group="mainmenu" property="isDefault">true</propertydefault>
	<propertydefault defaultID="embuary_embycon21" group="mainmenu" property="isDefault">true</propertydefault>
	<propertydefault defaultID="embuary_embycon22" group="mainmenu" property="isDefault">true</propertydefault>
	<propertydefault defaultID="embuary_embycon23" group="mainmenu" property="isDefault">true</propertydefault>
	<propertydefault defaultID="embuary_embycon24" group="mainmenu" property="isDefault">true</propertydefault>
	<propertydefault defaultID="embuary_embycon25" group="mainmenu" property="isDefault">true</propertydefault>
	<propertydefault defaultID="embuary_embycon26" group="mainmenu" property="isDefault">true</propertydefault>
	<propertydefault defaultID="embuary_embycon27" group="mainmenu" property="isDefault">true</propertydefault>
	<propertydefault defaultID="embuary_embycon28" group="mainmenu" property="isDefault">true</propertydefault>
	<propertydefault defaultID="embuary_embycon29" group="mainmenu" property="isDefault">true</propertydefault>

	<propertydefault defaultID="embuary_pvr" group="mainmenu" property="isDefault">true</propertydefault>
	<propertydefault defaultID="embuary_recordings" group="mainmenu" property="isDefault">true</propertydefault>
	<propertydefault defaultID="embuary_addons" group="mainmenu" property="isDefault">true</propertydefault>
	<propertydefault defaultID="embuary_customhub" group="mainmenu" property="isDefault">true</propertydefault>
	<propertydefault defaultID="embuary_games" group="mainmenu" property="isDefault">true</propertydefault>

	<propertydefault defaultID="embuary_videos" group="mainmenu" property="list">-</propertydefault>
	<propertydefault defaultID="embuary_all_movies" group="mainmenu" property="list">videodb://movies/titles/</propertydefault>
	<propertydefault defaultID="embuary_collections" group="mainmenu" property="list">videodb://movies/sets/</propertydefault>
	<propertydefault defaultID="embuary_all_shows" group="mainmenu" property="list">videodb://tvshows/titles/</propertydefault>
	<propertydefault defaultID="embuary_all_music" group="mainmenu" property="list">musicdb://albums/</propertydefault>
	<propertydefault defaultID="embuary_musicvideos" group="mainmenu" property="list">videodb://musicvideos/titles/</propertydefault>
	<propertydefault defaultID="embuary_emby0" group="mainmenu" property="list">-</propertydefault>
	<propertydefault defaultID="embuary_emby1" group="mainmenu" property="list">-</propertydefault>
	<propertydefault defaultID="embuary_emby2" group="mainmenu" property="list">-</propertydefault>
	<propertydefault defaultID="embuary_emby3" group="mainmenu" property="list">-</propertydefault>
	<propertydefault defaultID="embuary_emby4" group="mainmenu" property="list">-</propertydefault>
	<propertydefault defaultID="embuary_emby5" group="mainmenu" property="list">-</propertydefault>
	<propertydefault defaultID="embuary_emby6" group="mainmenu" property="list">-</propertydefault>
	<propertydefault defaultID="embuary_emby7" group="mainmenu" property="list">-</propertydefault>
	<propertydefault defaultID="embuary_emby8" group="mainmenu" property="list">-</propertydefault>
	<propertydefault defaultID="embuary_emby9" group="mainmenu" property="list">-</propertydefault>
	<propertydefault defaultID="embuary_emby10" group="mainmenu" property="list">-</propertydefault>
	<propertydefault defaultID="embuary_emby11" group="mainmenu" property="list">-</propertydefault>
	<propertydefault defaultID="embuary_emby12" group="mainmenu" property="list">-</propertydefault>
	<propertydefault defaultID="embuary_emby13" group="mainmenu" property="list">-</propertydefault>
	<propertydefault defaultID="embuary_emby14" group="mainmenu" property="list">-</propertydefault>
	<propertydefault defaultID="embuary_emby15" group="mainmenu" property="list">-</propertydefault>
	<propertydefault defaultID="embuary_emby16" group="mainmenu" property="list">-</propertydefault>
	<propertydefault defaultID="embuary_emby17" group="mainmenu" property="list">-</propertydefault>
	<propertydefault defaultID="embuary_emby18" group="mainmenu" property="list">-</propertydefault>
	<propertydefault defaultID="embuary_emby19" group="mainmenu" property="list">-</propertydefault>
	<propertydefault defaultID="embuary_emby20" group="mainmenu" property="list">-</propertydefault>
	<propertydefault defaultID="embuary_emby21" group="mainmenu" property="list">-</propertydefault>
	<propertydefault defaultID="embuary_emby22" group="mainmenu" property="list">-</propertydefault>
	<propertydefault defaultID="embuary_emby23" group="mainmenu" property="list">-</propertydefault>
	<propertydefault defaultID="embuary_emby24" group="mainmenu" property="list">-</propertydefault>
	<propertydefault defaultID="embuary_emby25" group="mainmenu" property="list">-</propertydefault>
	<propertydefault defaultID="embuary_emby26" group="mainmenu" property="list">-</propertydefault>
	<propertydefault defaultID="embuary_emby27" group="mainmenu" property="list">-</propertydefault>
	<propertydefault defaultID="embuary_emby28" group="mainmenu" property="list">-</propertydefault>
	<propertydefault defaultID="embuary_emby29" group="mainmenu" property="list">-</propertydefault>
	<propertydefault defaultID="embuary_embycon0" group="mainmenu" property="list">-</propertydefault>
	<propertydefault defaultID="embuary_embycon1" group="mainmenu" property="list">-</propertydefault>
	<propertydefault defaultID="embuary_embycon2" group="mainmenu" property="list">-</propertydefault>
	<propertydefault defaultID="embuary_embycon3" group="mainmenu" property="list">-</propertydefault>
	<propertydefault defaultID="embuary_embycon4" group="mainmenu" property="list">-</propertydefault>
	<propertydefault defaultID="embuary_embycon5" group="mainmenu" property="list">-</propertydefault>
	<propertydefault defaultID="embuary_embycon6" group="mainmenu" property="list">-</propertydefault>
	<propertydefault defaultID="embuary_embycon7" group="mainmenu" property="list">-</propertydefault>
	<propertydefault defaultID="embuary_embycon8" group="mainmenu" property="list">-</propertydefault>
	<propertydefault defaultID="embuary_embycon9" group="mainmenu" property="list">-</propertydefault>
	<propertydefault defaultID="embuary_embycon10" group="mainmenu" property="list">-</propertydefault>
	<propertydefault defaultID="embuary_embycon11" group="mainmenu" property="list">-</propertydefault>
	<propertydefault defaultID="embuary_embycon12" group="mainmenu" property="list">-</propertydefault>
	<propertydefault defaultID="embuary_embycon13" group="mainmenu" property="list">-</propertydefault>
	<propertydefault defaultID="embuary_embycon14" group="mainmenu" property="list">-</propertydefault>
	<propertydefault defaultID="embuary_embycon15" group="mainmenu" property="list">-</propertydefault>
	<propertydefault defaultID="embuary_embycon16" group="mainmenu" property="list">-</propertydefault>
	<propertydefault defaultID="embuary_embycon17" group="mainmenu" property="list">-</propertydefault>
	<propertydefault defaultID="embuary_embycon18" group="mainmenu" property="list">-</propertydefault>
	<propertydefault defaultID="embuary_embycon19" group="mainmenu" property="list">-</propertydefault>
	<propertydefault defaultID="embuary_embycon20" group="mainmenu" property="list">-</propertydefault>
	<propertydefault defaultID="embuary_embycon21" group="mainmenu" property="list">-</propertydefault>
	<propertydefault defaultID="embuary_embycon22" group="mainmenu" property="list">-</propertydefault>
	<propertydefault defaultID="embuary_embycon23" group="mainmenu" property="list">-</propertydefault>
	<propertydefault defaultID="embuary_embycon24" group="mainmenu" property="list">-</propertydefault>
	<propertydefault defaultID="embuary_embycon25" group="mainmenu" property="list">-</propertydefault>
	<propertydefault defaultID="embuary_embycon26" group="mainmenu" property="list">-</propertydefault>
	<propertydefault defaultID="embuary_embycon27" group="mainmenu" property="list">-</propertydefault>
	<propertydefault defaultID="embuary_embycon28" group="mainmenu" property="list">-</propertydefault>
	<propertydefault defaultID="embuary_embycon29" group="mainmenu" property="list">-</propertydefault>
	<propertydefault defaultID="embuary_pvr" group="mainmenu" property="list">-</propertydefault>
	<propertydefault defaultID="embuary_recordings" group="mainmenu" property="list">-</propertydefault>
	<propertydefault defaultID="embuary_games" group="mainmenu" property="list">-</propertydefault>
	<propertydefault defaultID="embuary_customhub" group="mainmenu" property="list">-</propertydefault>

	<propertydefault defaultID="embuary_emby0" group="mainmenu" property="useFakeArt">false</propertydefault>
	<propertydefault defaultID="embuary_emby1" group="mainmenu" property="useFakeArt">false</propertydefault>
	<propertydefault defaultID="embuary_emby2" group="mainmenu" property="useFakeArt">false</propertydefault>
	<propertydefault defaultID="embuary_emby3" group="mainmenu" property="useFakeArt">false</propertydefault>
	<propertydefault defaultID="embuary_emby4" group="mainmenu" property="useFakeArt">false</propertydefault>
	<propertydefault defaultID="embuary_emby5" group="mainmenu" property="useFakeArt">false</propertydefault>
	<propertydefault defaultID="embuary_emby6" group="mainmenu" property="useFakeArt">false</propertydefault>
	<propertydefault defaultID="embuary_emby7" group="mainmenu" property="useFakeArt">false</propertydefault>
	<propertydefault defaultID="embuary_emby8" group="mainmenu" property="useFakeArt">false</propertydefault>
	<propertydefault defaultID="embuary_emby9" group="mainmenu" property="useFakeArt">false</propertydefault>
	<propertydefault defaultID="embuary_emby10" group="mainmenu" property="useFakeArt">false</propertydefault>
	<propertydefault defaultID="embuary_emby11" group="mainmenu" property="useFakeArt">false</propertydefault>
	<propertydefault defaultID="embuary_emby12" group="mainmenu" property="useFakeArt">false</propertydefault>
	<propertydefault defaultID="embuary_emby13" group="mainmenu" property="useFakeArt">false</propertydefault>
	<propertydefault defaultID="embuary_emby14" group="mainmenu" property="useFakeArt">false</propertydefault>
	<propertydefault defaultID="embuary_emby15" group="mainmenu" property="useFakeArt">false</propertydefault>
	<propertydefault defaultID="embuary_emby16" group="mainmenu" property="useFakeArt">false</propertydefault>
	<propertydefault defaultID="embuary_emby17" group="mainmenu" property="useFakeArt">false</propertydefault>
	<propertydefault defaultID="embuary_emby18" group="mainmenu" property="useFakeArt">false</propertydefault>
	<propertydefault defaultID="embuary_emby19" group="mainmenu" property="useFakeArt">false</propertydefault>
	<propertydefault defaultID="embuary_emby20" group="mainmenu" property="useFakeArt">false</propertydefault>
	<propertydefault defaultID="embuary_emby21" group="mainmenu" property="useFakeArt">false</propertydefault>
	<propertydefault defaultID="embuary_emby22" group="mainmenu" property="useFakeArt">false</propertydefault>
	<propertydefault defaultID="embuary_emby23" group="mainmenu" property="useFakeArt">false</propertydefault>
	<propertydefault defaultID="embuary_emby24" group="mainmenu" property="useFakeArt">false</propertydefault>
	<propertydefault defaultID="embuary_emby25" group="mainmenu" property="useFakeArt">false</propertydefault>
	<propertydefault defaultID="embuary_emby26" group="mainmenu" property="useFakeArt">false</propertydefault>
	<propertydefault defaultID="embuary_emby27" group="mainmenu" property="useFakeArt">false</propertydefault>
	<propertydefault defaultID="embuary_emby28" group="mainmenu" property="useFakeArt">false</propertydefault>
	<propertydefault defaultID="embuary_emby29" group="mainmenu" property="useFakeArt">false</propertydefault>
	<propertydefault defaultID="embuary_embycon0" group="mainmenu" property="useFakeArt">false</propertydefault>
	<propertydefault defaultID="embuary_embycon1" group="mainmenu" property="useFakeArt">false</propertydefault>
	<propertydefault defaultID="embuary_embycon2" group="mainmenu" property="useFakeArt">false</propertydefault>
	<propertydefault defaultID="embuary_embycon3" group="mainmenu" property="useFakeArt">false</propertydefault>
	<propertydefault defaultID="embuary_embycon4" group="mainmenu" property="useFakeArt">false</propertydefault>
	<propertydefault defaultID="embuary_embycon5" group="mainmenu" property="useFakeArt">false</propertydefault>
	<propertydefault defaultID="embuary_embycon6" group="mainmenu" property="useFakeArt">false</propertydefault>
	<propertydefault defaultID="embuary_embycon7" group="mainmenu" property="useFakeArt">false</propertydefault>
	<propertydefault defaultID="embuary_embycon8" group="mainmenu" property="useFakeArt">false</propertydefault>
	<propertydefault defaultID="embuary_embycon9" group="mainmenu" property="useFakeArt">false</propertydefault>
	<propertydefault defaultID="embuary_embycon10" group="mainmenu" property="useFakeArt">false</propertydefault>
	<propertydefault defaultID="embuary_embycon11" group="mainmenu" property="useFakeArt">false</propertydefault>
	<propertydefault defaultID="embuary_embycon12" group="mainmenu" property="useFakeArt">false</propertydefault>
	<propertydefault defaultID="embuary_embycon13" group="mainmenu" property="useFakeArt">false</propertydefault>
	<propertydefault defaultID="embuary_embycon14" group="mainmenu" property="useFakeArt">false</propertydefault>
	<propertydefault defaultID="embuary_embycon15" group="mainmenu" property="useFakeArt">false</propertydefault>
	<propertydefault defaultID="embuary_embycon16" group="mainmenu" property="useFakeArt">false</propertydefault>
	<propertydefault defaultID="embuary_embycon17" group="mainmenu" property="useFakeArt">false</propertydefault>
	<propertydefault defaultID="embuary_embycon18" group="mainmenu" property="useFakeArt">false</propertydefault>
	<propertydefault defaultID="embuary_embycon19" group="mainmenu" property="useFakeArt">false</propertydefault>
	<propertydefault defaultID="embuary_embycon20" group="mainmenu" property="useFakeArt">false</propertydefault>
	<propertydefault defaultID="embuary_embycon21" group="mainmenu" property="useFakeArt">false</propertydefault>
	<propertydefault defaultID="embuary_embycon22" group="mainmenu" property="useFakeArt">false</propertydefault>
	<propertydefault defaultID="embuary_embycon23" group="mainmenu" property="useFakeArt">false</propertydefault>
	<propertydefault defaultID="embuary_embycon24" group="mainmenu" property="useFakeArt">false</propertydefault>
	<propertydefault defaultID="embuary_embycon25" group="mainmenu" property="useFakeArt">false</propertydefault>
	<propertydefault defaultID="embuary_embycon26" group="mainmenu" property="useFakeArt">false</propertydefault>
	<propertydefault defaultID="embuary_embycon27" group="mainmenu" property="useFakeArt">false</propertydefault>
	<propertydefault defaultID="embuary_embycon28" group="mainmenu" property="useFakeArt">false</propertydefault>
	<propertydefault defaultID="embuary_embycon29" group="mainmenu" property="useFakeArt">false</propertydefault>

	<propertypattern group="mainmenu" property="art1">$INFO[Container(4343::ID::).ListItem(0).Icon]</propertypattern>
	<propertypattern group="mainmenu" property="art2">$INFO[Container(4343::ID::).ListItem(1).Icon]</propertypattern>
	<propertypattern group="mainmenu" property="art3">$INFO[Container(4343::ID::).ListItem(2).Icon]</propertypattern>
	<propertypattern group="mainmenu" property="art4">$INFO[Container(4343::ID::).ListItem(3).Icon]</propertypattern>

	<widget-groupings>
		<node label="559">
			<node label="32030">
				<content>playlist-video</content>
			</node>
			<node label="32031">
				<content>playlist-audio</content>
			</node>
		</node>
		<node label="32030">
			<content>video</content>
			<node label="32040">
				<content>playlist-video</content>
			</node>
			<node label="32010">
				<content>addon-video</content>
			</node>
			<node label="32075">
				<content>videosources</content>
				<content>upnp-video</content>
			</node>
		</node>
		<node label="32031">
			<content>music</content>
			<node label="32040">
				<content>playlist-audio</content>
			</node>
			<node label="32011">
				<content>addon-audio</content>
			</node>
			<node label="32075">
				<content>musicsources</content>
				<content>upnp-music</content>
			</node>
		</node>
		<node label="32020">
			<content>picturesources</content>
		</node>
		<node label="32007">
			<node label="32010">
				<shortcut label="Video add-ons" icon="DefaultAddonVideo.png" widget="addon" widgetType="video" widgetTarget="video">addons://sources/video</shortcut>
				<content>addon-video</content>
			</node>
			<node label="32011">
				<shortcut label="Music add-ons" icon="DefaultAddonMusic.png" widget="addon" widgetType="music" widgetTarget="music">addons://sources/audio</shortcut>
				<content>addon-audio</content>
			</node>
			<node label="32012">
				<shortcut label="Picure add-ons" icon="DefaultAddonPicture.png" widget="addon" widgetType="picture" widgetTarget="pictures">addons://sources/image</shortcut>
				<content>addon-image</content>
			</node>
			<shortcut label="Programs" icon="DefaultAddonProgram.png" widget="addon" widgetType="program" widgetTarget="programs">addons://sources/executable</shortcut>
		</node>
		<node label="32006">
			<content>favourite</content>
		</node>
		<shortcut label="1036" widget="favourites" widgetType="favourites" icon="defaultfavourites.png">favourites://</shortcut>
	</widget-groupings>

	<groupings>
		<node label="559">
			<node label="32030">
				<content>playlist-video</content>
			</node>
			<node label="32031">
				<content>playlist-audio</content>
			</node>
		</node>
		<node label="32030">
			<node label="32040">
				<content>playlist-video</content>
			</node>
			<node label="14022">
				<content>video</content>
			</node>
			<node label="32010">
				<content>addon-video</content>
			</node>
			<node label="32075">
				<content>videosources</content>
				<content>upnp-video</content>
			</node>
		</node>
		<node label="32031">
			<node label="32040">
				<content>playlist-audio</content>
			</node>
			<node label="14022">
				<content>music</content>
			</node>
			<node label="32011">
				<content>addon-audio</content>
			</node>
			<node label="32075">
				<content>musicsources</content>
				<content>upnp-music</content>
			</node>
		</node>
		<node label="32020">
			<content>addon-image</content>
			<content>picturesources</content>
		</node>
		<node label="32007">
			<node label="32009">
				<content>addon-program</content>
			</node>
			<node label="32010">
				<content>addon-video</content>
			</node>
			<node label="32011">
				<content>addon-audio</content>
			</node>
			<node label="32012">
				<content>addon-image</content>
			</node>
			<shortcut label="10001" type="32021" icon="DefaultAddonProgram.png" widget="addon" widgetType="program" widgetTarget="programs">addons://sources/executable</shortcut>
			<shortcut label="20244" type="32021" icon="DefaultAddonProgram.png" widget="addon" widgetType="program" widgetTarget="programs" condition="System.Platform.Android">androidapp://sources/apps</shortcut>
			<shortcut label="1037" type="32014" icon="DefaultAddonVideo.png" widget="addon" widgetType="video" widgetTarget="video">addons://sources/video</shortcut>
			<shortcut label="1038" type="32019" icon="DefaultAddonMusic.png" widget="addon" widgetType="music" widgetTarget="music">addons://sources/audio</shortcut>
			<shortcut label="1039" type="32020" icon="DefaultAddonPicture.png" widget="addon" widgetType="picture" widgetTarget="pictures">addons://sources/image</shortcut>
		</node>
		<node label="32006">
			<content>favourite</content>
		</node>
		<node label="32054">
			<content>commands</content>
			<shortcut label="13391" type="32054" icon="DefaultShortcut.png">EjectTray()</shortcut>
		</node>
		<shortcut label="1036" icon="defaultfavourites.png">favourites://</shortcut>
	</groupings>

</overrides>