<?xml version="1.0" encoding="UTF-8"?>
<window id="1112" type="dialog">
	<visible>[!Skin.HasSetting(SkinSetup) + !Window.IsVisible(startup) + !Window.IsVisible(1119)] | !String.IsEmpty(Window(home).Property(HomeWidgetReset)) | !String.IsEmpty(Window(home).Property(MovieHubWidgetReset)) | !String.IsEmpty(Window(home).Property(MusicHubWidgetReset)) | !String.IsEmpty(Window(home).Property(EmbyMovieHubWidgetsReset)) | !String.IsEmpty(Window(home).Property(EmbyTVShowHubWidgetsReset)) | !String.IsEmpty(Window(home).Property(CustomHubWidgetsReset))</visible>

	<onload condition="$EXP[SkinSetup]">Notification(Embuary,$LOCALIZE[31217])</onload>

	<!-- home widget reset -->
	<onload condition="$EXP[SkinSetup] | !String.IsEmpty(Window(home).Property(HomeWidgetReset))">Skin.SetString(home_widget_pos_1,W_InProgressMedia)</onload>
	<onload condition="$EXP[SkinSetup] | !String.IsEmpty(Window(home).Property(HomeWidgetReset))">Skin.SetString(home_widget_pos_2,W_EmbyCon_InProgressMedia)</onload>
	<onload condition="$EXP[SkinSetup] | !String.IsEmpty(Window(home).Property(HomeWidgetReset))">Skin.SetString(home_widget_pos_3,W_PVR)</onload>
	<onload condition="$EXP[SkinSetup] | !String.IsEmpty(Window(home).Property(HomeWidgetReset))">Skin.SetString(home_widget_pos_4,W_NextUp)</onload>
	<onload condition="$EXP[SkinSetup] | !String.IsEmpty(Window(home).Property(HomeWidgetReset))">Skin.SetString(home_widget_pos_5,W_EmbyCon_NextUp)</onload>
	<onload condition="$EXP[SkinSetup] | !String.IsEmpty(Window(home).Property(HomeWidgetReset))">Skin.SetString(home_widget_pos_6,W_NewMovies)</onload>
	<onload condition="$EXP[SkinSetup] | !String.IsEmpty(Window(home).Property(HomeWidgetReset))">Skin.SetString(home_widget_pos_7,W_EmbyCon_NewMovies)</onload>
	<onload condition="$EXP[SkinSetup] | !String.IsEmpty(Window(home).Property(HomeWidgetReset))">Skin.SetString(home_widget_pos_8,W_NewEpisodes)</onload>
	<onload condition="$EXP[SkinSetup] | !String.IsEmpty(Window(home).Property(HomeWidgetReset))">Skin.SetString(home_widget_pos_9,W_EmbyCon_NewEpisodes)</onload>
	<onload condition="$EXP[SkinSetup] | !String.IsEmpty(Window(home).Property(HomeWidgetReset))">Skin.SetString(home_widget_pos_10,W_MixedByGenre)</onload>
	<onload condition="$EXP[SkinSetup] | !String.IsEmpty(Window(home).Property(HomeWidgetReset))">Skin.SetString(home_widget_pos_11,W_NewAlbums)</onload>
	<onload condition="$EXP[SkinSetup] | !String.IsEmpty(Window(home).Property(HomeWidgetReset))">Skin.SetString(home_widget_pos_12,W_EmbyCon_NewAlbums)</onload>
	<onload condition="$EXP[SkinSetup] | !String.IsEmpty(Window(home).Property(HomeWidgetReset))">Skin.Reset(home_widget_pos_13)</onload>
	<onload condition="$EXP[SkinSetup] | !String.IsEmpty(Window(home).Property(HomeWidgetReset))">Skin.Reset(home_widget_pos_14)</onload>
	<onload condition="$EXP[SkinSetup] | !String.IsEmpty(Window(home).Property(HomeWidgetReset))">Skin.Reset(home_widget_pos_15)</onload>
	<onload condition="$EXP[SkinSetup] | !String.IsEmpty(Window(home).Property(HomeWidgetReset))">Skin.Reset(home_widget_pos_16)</onload>
	<onload condition="$EXP[SkinSetup] | !String.IsEmpty(Window(home).Property(HomeWidgetReset))">Skin.Reset(home_widget_pos_17)</onload>
	<onload condition="$EXP[SkinSetup] | !String.IsEmpty(Window(home).Property(HomeWidgetReset))">Skin.Reset(home_widget_pos_18)</onload>
	<onload condition="$EXP[SkinSetup] | !String.IsEmpty(Window(home).Property(HomeWidgetReset))">Skin.Reset(home_widget_pos_19)</onload>
	<onload condition="$EXP[SkinSetup] | !String.IsEmpty(Window(home).Property(HomeWidgetReset))">Skin.SetString(home_widget_pos_1.label,$LOCALIZE[31080])</onload>
	<onload condition="$EXP[SkinSetup] | !String.IsEmpty(Window(home).Property(HomeWidgetReset))">Skin.SetString(home_widget_pos_2.label,$LOCALIZE[31080]   [COLOR lightgrey]($LOCALIZE[31208])[/COLOR])</onload>
	<onload condition="$EXP[SkinSetup] | !String.IsEmpty(Window(home).Property(HomeWidgetReset))">Skin.SetString(home_widget_pos_3.label,$LOCALIZE[19023])</onload>
	<onload condition="$EXP[SkinSetup] | !String.IsEmpty(Window(home).Property(HomeWidgetReset))">Skin.SetString(home_widget_pos_4.label,$LOCALIZE[31012])</onload>
	<onload condition="$EXP[SkinSetup] | !String.IsEmpty(Window(home).Property(HomeWidgetReset))">Skin.SetString(home_widget_pos_5.label,$LOCALIZE[31012]   [COLOR lightgrey]($LOCALIZE[31208])[/COLOR])</onload>
	<onload condition="$EXP[SkinSetup] | !String.IsEmpty(Window(home).Property(HomeWidgetReset))">Skin.SetString(home_widget_pos_6.label,$LOCALIZE[31301])</onload>
	<onload condition="$EXP[SkinSetup] | !String.IsEmpty(Window(home).Property(HomeWidgetReset))">Skin.SetString(home_widget_pos_7.label,$LOCALIZE[31301]   [COLOR lightgrey]($LOCALIZE[31208])[/COLOR])</onload>
	<onload condition="$EXP[SkinSetup] | !String.IsEmpty(Window(home).Property(HomeWidgetReset))">Skin.SetString(home_widget_pos_8.label,$LOCALIZE[31302])</onload>
	<onload condition="$EXP[SkinSetup] | !String.IsEmpty(Window(home).Property(HomeWidgetReset))">Skin.SetString(home_widget_pos_9.label,$LOCALIZE[31302]   [COLOR lightgrey]($LOCALIZE[31208])[/COLOR])</onload>
	<onload condition="$EXP[SkinSetup] | !String.IsEmpty(Window(home).Property(HomeWidgetReset))">Skin.SetString(home_widget_pos_10.label,$LOCALIZE[31278])</onload>
	<onload condition="$EXP[SkinSetup] | !String.IsEmpty(Window(home).Property(HomeWidgetReset))">Skin.SetString(home_widget_pos_11.label,$LOCALIZE[31303])</onload>
	<onload condition="$EXP[SkinSetup] | !String.IsEmpty(Window(home).Property(HomeWidgetReset))">Skin.SetString(home_widget_pos_12.label,$LOCALIZE[31303]   [COLOR lightgrey]($LOCALIZE[31208])[/COLOR])</onload>
	<onload condition="$EXP[SkinSetup] | !String.IsEmpty(Window(home).Property(HomeWidgetReset))">Skin.Reset(home_widget_pos_13.label)</onload>
	<onload condition="$EXP[SkinSetup] | !String.IsEmpty(Window(home).Property(HomeWidgetReset))">Skin.Reset(home_widget_pos_14.label)</onload>
	<onload condition="$EXP[SkinSetup] | !String.IsEmpty(Window(home).Property(HomeWidgetReset))">Skin.Reset(home_widget_pos_15.label)</onload>
	<onload condition="$EXP[SkinSetup] | !String.IsEmpty(Window(home).Property(HomeWidgetReset))">Skin.Reset(home_widget_pos_16.label)</onload>
	<onload condition="$EXP[SkinSetup] | !String.IsEmpty(Window(home).Property(HomeWidgetReset))">Skin.Reset(home_widget_pos_17.label)</onload>
	<onload condition="$EXP[SkinSetup] | !String.IsEmpty(Window(home).Property(HomeWidgetReset))">Skin.Reset(home_widget_pos_18.label)</onload>
	<onload condition="$EXP[SkinSetup] | !String.IsEmpty(Window(home).Property(HomeWidgetReset))">Skin.Reset(home_widget_pos_19.label)</onload>

	<onload condition="!String.IsEmpty(Window(home).Property(HomeWidgetReset))">Notification($LOCALIZE[513],$LOCALIZE[31127])</onload>

	<!-- movie widget reset -->
	<onload condition="$EXP[SkinSetup] | !String.IsEmpty(Window(home).Property(MovieHubWidgetReset))">Skin.SetString(moviehub_widget_pos_1,W_InProgressMovies)</onload>
	<onload condition="$EXP[SkinSetup] | !String.IsEmpty(Window(home).Property(MovieHubWidgetReset))">Skin.SetString(moviehub_widget_pos_2,W_EmbyCon_InProgressMovies)</onload>
	<onload condition="$EXP[SkinSetup] | !String.IsEmpty(Window(home).Property(MovieHubWidgetReset))">Skin.SetString(moviehub_widget_pos_3,W_NewMovies)</onload>
	<onload condition="$EXP[SkinSetup] | !String.IsEmpty(Window(home).Property(MovieHubWidgetReset))">Skin.SetString(moviehub_widget_pos_4,W_EmbyCon_NewMovies)</onload>
	<onload condition="$EXP[SkinSetup] | !String.IsEmpty(Window(home).Property(MovieHubWidgetReset))">Skin.SetString(moviehub_widget_pos_5,W_MovieGenres)</onload>
	<onload condition="$EXP[SkinSetup] | !String.IsEmpty(Window(home).Property(MovieHubWidgetReset))">Skin.SetString(moviehub_widget_pos_6,W_EmbyCon_MovieGenres)</onload>
	<onload condition="$EXP[SkinSetup] | !String.IsEmpty(Window(home).Property(MovieHubWidgetReset))">Skin.SetString(moviehub_widget_pos_7,W_RecommendedMovies)</onload>
	<onload condition="$EXP[SkinSetup] | !String.IsEmpty(Window(home).Property(MovieHubWidgetReset))">Skin.SetString(moviehub_widget_pos_8,W_EmbyCon_RecommendedMovies)</onload>
	<onload condition="$EXP[SkinSetup] | !String.IsEmpty(Window(home).Property(MovieHubWidgetReset))">Skin.SetString(moviehub_widget_pos_9,W_SimilarMovies)</onload>
	<onload condition="$EXP[SkinSetup] | !String.IsEmpty(Window(home).Property(MovieHubWidgetReset))">Skin.SetString(moviehub_widget_pos_10,W_EmbyCon_SimilarMovies)</onload>
	<onload condition="$EXP[SkinSetup] | !String.IsEmpty(Window(home).Property(MovieHubWidgetReset))">Skin.SetString(moviehub_widget_pos_11,W_MoviesByGenre)</onload>
	<onload condition="$EXP[SkinSetup] | !String.IsEmpty(Window(home).Property(MovieHubWidgetReset))">Skin.SetString(moviehub_widget_pos_12,W_FavMovies)</onload>
	<onload condition="$EXP[SkinSetup] | !String.IsEmpty(Window(home).Property(MovieHubWidgetReset))">Skin.SetString(moviehub_widget_pos_13,W_EmbyCon_FavMovies)</onload>
	<onload condition="$EXP[SkinSetup] | !String.IsEmpty(Window(home).Property(MovieHubWidgetReset))">Skin.Reset(moviehub_widget_pos_14)</onload>
	<onload condition="$EXP[SkinSetup] | !String.IsEmpty(Window(home).Property(MovieHubWidgetReset))">Skin.Reset(moviehub_widget_pos_15)</onload>
	<onload condition="$EXP[SkinSetup] | !String.IsEmpty(Window(home).Property(MovieHubWidgetReset))">Skin.Reset(moviehub_widget_pos_16)</onload>
	<onload condition="$EXP[SkinSetup] | !String.IsEmpty(Window(home).Property(MovieHubWidgetReset))">Skin.Reset(moviehub_widget_pos_17)</onload>
	<onload condition="$EXP[SkinSetup] | !String.IsEmpty(Window(home).Property(MovieHubWidgetReset))">Skin.Reset(moviehub_widget_pos_18)</onload>
	<onload condition="$EXP[SkinSetup] | !String.IsEmpty(Window(home).Property(MovieHubWidgetReset))">Skin.Reset(moviehub_widget_pos_19)</onload>
	<onload condition="$EXP[SkinSetup] | !String.IsEmpty(Window(home).Property(MovieHubWidgetReset))">Skin.Reset(moviehub_widget_pos_20)</onload>
	<onload condition="$EXP[SkinSetup] | !String.IsEmpty(Window(home).Property(MovieHubWidgetReset))">Skin.SetString(moviehub_widget_pos_1.label,$LOCALIZE[31080])</onload>
	<onload condition="$EXP[SkinSetup] | !String.IsEmpty(Window(home).Property(MovieHubWidgetReset))">Skin.SetString(moviehub_widget_pos_2.label,$LOCALIZE[31080]   [COLOR lightgrey]($LOCALIZE[31208])[/COLOR])</onload>
	<onload condition="$EXP[SkinSetup] | !String.IsEmpty(Window(home).Property(MovieHubWidgetReset))">Skin.SetString(moviehub_widget_pos_3.label,$LOCALIZE[31301])</onload>
	<onload condition="$EXP[SkinSetup] | !String.IsEmpty(Window(home).Property(MovieHubWidgetReset))">Skin.SetString(moviehub_widget_pos_4.label,$LOCALIZE[31301]   [COLOR lightgrey]($LOCALIZE[31208])[/COLOR])</onload>
	<onload condition="$EXP[SkinSetup] | !String.IsEmpty(Window(home).Property(MovieHubWidgetReset))">Skin.SetString(moviehub_widget_pos_5.label,$LOCALIZE[135])</onload>
	<onload condition="$EXP[SkinSetup] | !String.IsEmpty(Window(home).Property(MovieHubWidgetReset))">Skin.SetString(moviehub_widget_pos_6.label,$LOCALIZE[135]   [COLOR lightgrey]($LOCALIZE[31208])[/COLOR])</onload>
	<onload condition="$EXP[SkinSetup] | !String.IsEmpty(Window(home).Property(MovieHubWidgetReset))">Skin.SetString(moviehub_widget_pos_7.label,$LOCALIZE[31183])</onload>
	<onload condition="$EXP[SkinSetup] | !String.IsEmpty(Window(home).Property(MovieHubWidgetReset))">Skin.SetString(moviehub_widget_pos_8.label,$LOCALIZE[31183]   [COLOR lightgrey]($LOCALIZE[31208])[/COLOR])</onload>
	<onload condition="$EXP[SkinSetup] | !String.IsEmpty(Window(home).Property(MovieHubWidgetReset))">Skin.SetString(moviehub_widget_pos_9.label,$LOCALIZE[31018])</onload>
	<onload condition="$EXP[SkinSetup] | !String.IsEmpty(Window(home).Property(MovieHubWidgetReset))">Skin.SetString(moviehub_widget_pos_10.label,$LOCALIZE[31018]   [COLOR lightgrey]($LOCALIZE[31208])[/COLOR])</onload>
	<onload condition="$EXP[SkinSetup] | !String.IsEmpty(Window(home).Property(MovieHubWidgetReset))">Skin.SetString(moviehub_widget_pos_11.label,$LOCALIZE[31278])</onload>
	<onload condition="$EXP[SkinSetup] | !String.IsEmpty(Window(home).Property(MovieHubWidgetReset))">Skin.SetString(moviehub_widget_pos_12.label,$LOCALIZE[31062]   [COLOR lightgrey]($LOCALIZE[31181])[/COLOR])</onload>
	<onload condition="$EXP[SkinSetup] | !String.IsEmpty(Window(home).Property(MovieHubWidgetReset))">Skin.SetString(moviehub_widget_pos_13.label,$LOCALIZE[31062]   [COLOR lightgrey]($LOCALIZE[31208])[/COLOR])</onload>
	<onload condition="$EXP[SkinSetup] | !String.IsEmpty(Window(home).Property(MovieHubWidgetReset))">Skin.Reset(moviehub_widget_pos_14.label)</onload>
	<onload condition="$EXP[SkinSetup] | !String.IsEmpty(Window(home).Property(MovieHubWidgetReset))">Skin.Reset(moviehub_widget_pos_15.label)</onload>
	<onload condition="$EXP[SkinSetup] | !String.IsEmpty(Window(home).Property(MovieHubWidgetReset))">Skin.Reset(moviehub_widget_pos_16.label)</onload>
	<onload condition="$EXP[SkinSetup] | !String.IsEmpty(Window(home).Property(MovieHubWidgetReset))">Skin.Reset(moviehub_widget_pos_17.label)</onload>
	<onload condition="$EXP[SkinSetup] | !String.IsEmpty(Window(home).Property(MovieHubWidgetReset))">Skin.Reset(moviehub_widget_pos_18.label)</onload>
	<onload condition="$EXP[SkinSetup] | !String.IsEmpty(Window(home).Property(MovieHubWidgetReset))">Skin.Reset(moviehub_widget_pos_19.label)</onload>
	<onload condition="$EXP[SkinSetup] | !String.IsEmpty(Window(home).Property(MovieHubWidgetReset))">Skin.Reset(moviehub_widget_pos_20.label)</onload>

	<onload condition="!String.IsEmpty(Window(home).Property(MovieHubWidgetReset))">Notification($LOCALIZE[31173],$LOCALIZE[31127])</onload>

	<!-- tvshow widget reset -->
	<onload condition="$EXP[SkinSetup] | !String.IsEmpty(Window(home).Property(TVShowHubWidgetReset))">Skin.SetString(tvshowhub_widget_pos_1,W_InProgressShows)</onload>
	<onload condition="$EXP[SkinSetup] | !String.IsEmpty(Window(home).Property(TVShowHubWidgetReset))">Skin.SetString(tvshowhub_widget_pos_2,W_EmbyCon_InProgressShows)</onload>
	<onload condition="$EXP[SkinSetup] | !String.IsEmpty(Window(home).Property(TVShowHubWidgetReset))">Skin.SetString(tvshowhub_widget_pos_3,W_NextUp)</onload>
	<onload condition="$EXP[SkinSetup] | !String.IsEmpty(Window(home).Property(TVShowHubWidgetReset))">Skin.SetString(tvshowhub_widget_pos_4,W_EmbyCon_NextUp)</onload>
	<onload condition="$EXP[SkinSetup] | !String.IsEmpty(Window(home).Property(TVShowHubWidgetReset))">Skin.SetString(tvshowhub_widget_pos_5,W_NewEpisodes)</onload>
	<onload condition="$EXP[SkinSetup] | !String.IsEmpty(Window(home).Property(TVShowHubWidgetReset))">Skin.SetString(tvshowhub_widget_pos_6,W_EmbyCon_NewEpisodes)</onload>
	<onload condition="$EXP[SkinSetup] | !String.IsEmpty(Window(home).Property(TVShowHubWidgetReset))">Skin.SetString(tvshowhub_widget_pos_7,W_TVShowGenres)</onload>
	<onload condition="$EXP[SkinSetup] | !String.IsEmpty(Window(home).Property(TVShowHubWidgetReset))">Skin.SetString(tvshowhub_widget_pos_8,W_EmbyCon_TVShowGenres)</onload>
	<onload condition="$EXP[SkinSetup] | !String.IsEmpty(Window(home).Property(TVShowHubWidgetReset))">Skin.SetString(tvshowhub_widget_pos_9,W_SimilarShows)</onload>
	<onload condition="$EXP[SkinSetup] | !String.IsEmpty(Window(home).Property(TVShowHubWidgetReset))">Skin.SetString(tvshowhub_widget_pos_10,W_RecommendedShows)</onload>
	<onload condition="$EXP[SkinSetup] | !String.IsEmpty(Window(home).Property(TVShowHubWidgetReset))">Skin.SetString(tvshowhub_widget_pos_11,W_EmbyCon_RecommendedShows)</onload>
	<onload condition="$EXP[SkinSetup] | !String.IsEmpty(Window(home).Property(TVShowHubWidgetReset))">Skin.SetString(tvshowhub_widget_pos_12,W_TVShowsByGenre)</onload>
	<onload condition="$EXP[SkinSetup] | !String.IsEmpty(Window(home).Property(TVShowHubWidgetReset))">Skin.SetString(tvshowhub_widget_pos_13,W_FavShows)</onload>
	<onload condition="$EXP[SkinSetup] | !String.IsEmpty(Window(home).Property(TVShowHubWidgetReset))">Skin.SetString(tvshowhub_widget_pos_14,W_EmbyCon_FavShows)</onload>
	<onload condition="$EXP[SkinSetup] | !String.IsEmpty(Window(home).Property(TVShowHubWidgetReset))">Skin.Reset(tvshowhub_widget_pos_15)</onload>
	<onload condition="$EXP[SkinSetup] | !String.IsEmpty(Window(home).Property(TVShowHubWidgetReset))">Skin.Reset(tvshowhub_widget_pos_16)</onload>
	<onload condition="$EXP[SkinSetup] | !String.IsEmpty(Window(home).Property(TVShowHubWidgetReset))">Skin.Reset(tvshowhub_widget_pos_17)</onload>
	<onload condition="$EXP[SkinSetup] | !String.IsEmpty(Window(home).Property(TVShowHubWidgetReset))">Skin.Reset(tvshowhub_widget_pos_18)</onload>
	<onload condition="$EXP[SkinSetup] | !String.IsEmpty(Window(home).Property(TVShowHubWidgetReset))">Skin.Reset(tvshowhub_widget_pos_19)</onload>
	<onload condition="$EXP[SkinSetup] | !String.IsEmpty(Window(home).Property(TVShowHubWidgetReset))">Skin.Reset(tvshowhub_widget_pos_20)</onload>
	<onload condition="$EXP[SkinSetup] | !String.IsEmpty(Window(home).Property(TVShowHubWidgetReset))">Skin.Reset(tvshowhub_widget_pos_21)</onload>
	<onload condition="$EXP[SkinSetup] | !String.IsEmpty(Window(home).Property(TVShowHubWidgetReset))">Skin.SetString(tvshowhub_widget_pos_1.label,$LOCALIZE[31080])</onload>
	<onload condition="$EXP[SkinSetup] | !String.IsEmpty(Window(home).Property(TVShowHubWidgetReset))">Skin.SetString(tvshowhub_widget_pos_2.label,$LOCALIZE[31080]   [COLOR lightgrey]($LOCALIZE[31208])[/COLOR])</onload>
	<onload condition="$EXP[SkinSetup] | !String.IsEmpty(Window(home).Property(TVShowHubWidgetReset))">Skin.SetString(tvshowhub_widget_pos_3.label,$LOCALIZE[31012])</onload>
	<onload condition="$EXP[SkinSetup] | !String.IsEmpty(Window(home).Property(TVShowHubWidgetReset))">Skin.SetString(tvshowhub_widget_pos_4.label,$LOCALIZE[31012]   [COLOR lightgrey]($LOCALIZE[31208])[/COLOR])</onload>
	<onload condition="$EXP[SkinSetup] | !String.IsEmpty(Window(home).Property(TVShowHubWidgetReset))">Skin.SetString(tvshowhub_widget_pos_5.label,$LOCALIZE[31302])</onload>
	<onload condition="$EXP[SkinSetup] | !String.IsEmpty(Window(home).Property(TVShowHubWidgetReset))">Skin.SetString(tvshowhub_widget_pos_6.label,$LOCALIZE[31302]   [COLOR lightgrey]($LOCALIZE[31208])[/COLOR])</onload>
	<onload condition="$EXP[SkinSetup] | !String.IsEmpty(Window(home).Property(TVShowHubWidgetReset))">Skin.SetString(tvshowhub_widget_pos_7.label,$LOCALIZE[135])</onload>
	<onload condition="$EXP[SkinSetup] | !String.IsEmpty(Window(home).Property(TVShowHubWidgetReset))">Skin.SetString(tvshowhub_widget_pos_8.label,$LOCALIZE[135]   [COLOR lightgrey]($LOCALIZE[31208])[/COLOR])</onload>
	<onload condition="$EXP[SkinSetup] | !String.IsEmpty(Window(home).Property(TVShowHubWidgetReset))">Skin.SetString(tvshowhub_widget_pos_9.label,$LOCALIZE[31018])</onload>
	<onload condition="$EXP[SkinSetup] | !String.IsEmpty(Window(home).Property(TVShowHubWidgetReset))">Skin.SetString(tvshowhub_widget_pos_10.label,$LOCALIZE[31182])</onload>
	<onload condition="$EXP[SkinSetup] | !String.IsEmpty(Window(home).Property(TVShowHubWidgetReset))">Skin.SetString(tvshowhub_widget_pos_11.label,$LOCALIZE[31182]   [COLOR lightgrey]($LOCALIZE[31208])[/COLOR])</onload>
	<onload condition="$EXP[SkinSetup] | !String.IsEmpty(Window(home).Property(TVShowHubWidgetReset))">Skin.SetString(tvshowhub_widget_pos_12.label,$LOCALIZE[31278])</onload>
	<onload condition="$EXP[SkinSetup] | !String.IsEmpty(Window(home).Property(TVShowHubWidgetReset))">Skin.SetString(tvshowhub_widget_pos_13.label,$LOCALIZE[31064]   [COLOR lightgrey]($LOCALIZE[31181])[/COLOR])</onload>
	<onload condition="$EXP[SkinSetup] | !String.IsEmpty(Window(home).Property(TVShowHubWidgetReset))">Skin.SetString(tvshowhub_widget_pos_14.label,$LOCALIZE[31064]   [COLOR lightgrey]($LOCALIZE[31208])[/COLOR])</onload>
	<onload condition="$EXP[SkinSetup] | !String.IsEmpty(Window(home).Property(TVShowHubWidgetReset))">Skin.Reset(tvshowhub_widget_pos_15.label)</onload>
	<onload condition="$EXP[SkinSetup] | !String.IsEmpty(Window(home).Property(TVShowHubWidgetReset))">Skin.Reset(tvshowhub_widget_pos_16.label)</onload>
	<onload condition="$EXP[SkinSetup] | !String.IsEmpty(Window(home).Property(TVShowHubWidgetReset))">Skin.Reset(tvshowhub_widget_pos_17.label)</onload
>	<onload condition="$EXP[SkinSetup] | !String.IsEmpty(Window(home).Property(TVShowHubWidgetReset))">Skin.Reset(tvshowhub_widget_pos_18.label)</onload>
	<onload condition="$EXP[SkinSetup] | !String.IsEmpty(Window(home).Property(TVShowHubWidgetReset))">Skin.Reset(tvshowhub_widget_pos_19.label)</onload>
	<onload condition="$EXP[SkinSetup] | !String.IsEmpty(Window(home).Property(TVShowHubWidgetReset))">Skin.Reset(tvshowhub_widget_pos_20.label)</onload>
	<onload condition="$EXP[SkinSetup] | !String.IsEmpty(Window(home).Property(TVShowHubWidgetReset))">Skin.Reset(tvshowhub_widget_pos_21.label)</onload>

	<onload condition="!String.IsEmpty(Window(home).Property(TVShowHubWidgetReset))">Notification($LOCALIZE[31172],$LOCALIZE[31127])</onload>

	<!-- customhub widget reset -->
	<onload condition="$EXP[SkinSetup] | !String.IsEmpty(Window(home).Property(CustomHubWidgetsReset))">Skin.Reset(customhub_widget_pos_1)</onload>
	<onload condition="$EXP[SkinSetup] | !String.IsEmpty(Window(home).Property(CustomHubWidgetsReset))">Skin.Reset(customhub_widget_pos_2)</onload>
	<onload condition="$EXP[SkinSetup] | !String.IsEmpty(Window(home).Property(CustomHubWidgetsReset))">Skin.Reset(customhub_widget_pos_3)</onload>
	<onload condition="$EXP[SkinSetup] | !String.IsEmpty(Window(home).Property(CustomHubWidgetsReset))">Skin.Reset(customhub_widget_pos_4)</onload>
	<onload condition="$EXP[SkinSetup] | !String.IsEmpty(Window(home).Property(CustomHubWidgetsReset))">Skin.Reset(customhub_widget_pos_5)</onload>
	<onload condition="$EXP[SkinSetup] | !String.IsEmpty(Window(home).Property(CustomHubWidgetsReset))">Skin.Reset(customhub_widget_pos_6)</onload>
	<onload condition="$EXP[SkinSetup] | !String.IsEmpty(Window(home).Property(CustomHubWidgetsReset))">Skin.Reset(customhub_widget_pos_7)</onload>
	<onload condition="$EXP[SkinSetup] | !String.IsEmpty(Window(home).Property(CustomHubWidgetsReset))">Skin.Reset(customhub_widget_pos_8)</onload>
	<onload condition="$EXP[SkinSetup] | !String.IsEmpty(Window(home).Property(CustomHubWidgetsReset))">Skin.Reset(customhub_widget_pos_9)</onload>
	<onload condition="$EXP[SkinSetup] | !String.IsEmpty(Window(home).Property(CustomHubWidgetsReset))">Skin.Reset(customhub_widget_pos_10)</onload>
	<onload condition="$EXP[SkinSetup] | !String.IsEmpty(Window(home).Property(CustomHubWidgetsReset))">Skin.Reset(customhub_widget_pos_11)</onload>
	<onload condition="$EXP[SkinSetup] | !String.IsEmpty(Window(home).Property(CustomHubWidgetsReset))">Skin.Reset(customhub_widget_pos_12)</onload>
	<onload condition="$EXP[SkinSetup] | !String.IsEmpty(Window(home).Property(CustomHubWidgetsReset))">Skin.Reset(customhub_widget_pos_13)</onload>
	<onload condition="$EXP[SkinSetup] | !String.IsEmpty(Window(home).Property(CustomHubWidgetsReset))">Skin.Reset(customhub_widget_pos_14)</onload>
	<onload condition="$EXP[SkinSetup] | !String.IsEmpty(Window(home).Property(CustomHubWidgetsReset))">Skin.Reset(customhub_widget_pos_15)</onload>
	<onload condition="$EXP[SkinSetup] | !String.IsEmpty(Window(home).Property(CustomHubWidgetsReset))">Skin.Reset(customhub_widget_pos_16)</onload>
	<onload condition="$EXP[SkinSetup] | !String.IsEmpty(Window(home).Property(CustomHubWidgetsReset))">Skin.Reset(customhub_widget_pos_17)</onload>
	<onload condition="$EXP[SkinSetup] | !String.IsEmpty(Window(home).Property(CustomHubWidgetsReset))">Skin.Reset(customhub_widget_pos_18)</onload>
	<onload condition="$EXP[SkinSetup] | !String.IsEmpty(Window(home).Property(CustomHubWidgetsReset))">Skin.Reset(customhub_widget_pos_19)</onload>
	<onload condition="$EXP[SkinSetup] | !String.IsEmpty(Window(home).Property(CustomHubWidgetsReset))">Skin.Reset(customhub_widget_pos_20)</onload>
	<onload condition="$EXP[SkinSetup] | !String.IsEmpty(Window(home).Property(CustomHubWidgetsReset))">Skin.Reset(customhub_widget_pos_21)</onload>
	<onload condition="$EXP[SkinSetup] | !String.IsEmpty(Window(home).Property(CustomHubWidgetsReset))">Skin.Reset(customhub_widget_pos_22)</onload>
	<onload condition="$EXP[SkinSetup] | !String.IsEmpty(Window(home).Property(CustomHubWidgetsReset))">Skin.Reset(customhub_widget_pos_23)</onload>
	<onload condition="$EXP[SkinSetup] | !String.IsEmpty(Window(home).Property(CustomHubWidgetsReset))">Skin.Reset(customhub_widget_pos_24)</onload>
	<onload condition="$EXP[SkinSetup] | !String.IsEmpty(Window(home).Property(CustomHubWidgetsReset))">Skin.Reset(customhub_widget_pos_25)</onload>
	<onload condition="$EXP[SkinSetup] | !String.IsEmpty(Window(home).Property(CustomHubWidgetsReset))">Skin.Reset(customhub_widget_pos_26)</onload>
	<onload condition="$EXP[SkinSetup] | !String.IsEmpty(Window(home).Property(CustomHubWidgetsReset))">Skin.Reset(customhub_widget_pos_27)</onload>
	<onload condition="$EXP[SkinSetup] | !String.IsEmpty(Window(home).Property(CustomHubWidgetsReset))">Skin.Reset(customhub_widget_pos_28)</onload>
	<onload condition="$EXP[SkinSetup] | !String.IsEmpty(Window(home).Property(CustomHubWidgetsReset))">Skin.Reset(customhub_widget_pos_29)</onload>
	<onload condition="$EXP[SkinSetup] | !String.IsEmpty(Window(home).Property(CustomHubWidgetsReset))">Skin.Reset(customhub_widget_pos_30)</onload>
	<onload condition="$EXP[SkinSetup] | !String.IsEmpty(Window(home).Property(CustomHubWidgetsReset))">Skin.Reset(customhub_widget_pos_1.label)</onload>
	<onload condition="$EXP[SkinSetup] | !String.IsEmpty(Window(home).Property(CustomHubWidgetsReset))">Skin.Reset(customhub_widget_pos_2.label)</onload>
	<onload condition="$EXP[SkinSetup] | !String.IsEmpty(Window(home).Property(CustomHubWidgetsReset))">Skin.Reset(customhub_widget_pos_3.label)</onload>
	<onload condition="$EXP[SkinSetup] | !String.IsEmpty(Window(home).Property(CustomHubWidgetsReset))">Skin.Reset(customhub_widget_pos_4.label)</onload>
	<onload condition="$EXP[SkinSetup] | !String.IsEmpty(Window(home).Property(CustomHubWidgetsReset))">Skin.Reset(customhub_widget_pos_5.label)</onload>
	<onload condition="$EXP[SkinSetup] | !String.IsEmpty(Window(home).Property(CustomHubWidgetsReset))">Skin.Reset(customhub_widget_pos_6.label)</onload>
	<onload condition="$EXP[SkinSetup] | !String.IsEmpty(Window(home).Property(CustomHubWidgetsReset))">Skin.Reset(customhub_widget_pos_7.label)</onload>
	<onload condition="$EXP[SkinSetup] | !String.IsEmpty(Window(home).Property(CustomHubWidgetsReset))">Skin.Reset(customhub_widget_pos_8.label)</onload>
	<onload condition="$EXP[SkinSetup] | !String.IsEmpty(Window(home).Property(CustomHubWidgetsReset))">Skin.Reset(customhub_widget_pos_9.label)</onload>
	<onload condition="$EXP[SkinSetup] | !String.IsEmpty(Window(home).Property(CustomHubWidgetsReset))">Skin.Reset(customhub_widget_pos_10.label)</onload>
	<onload condition="$EXP[SkinSetup] | !String.IsEmpty(Window(home).Property(CustomHubWidgetsReset))">Skin.Reset(customhub_widget_pos_11.label)</onload>
	<onload condition="$EXP[SkinSetup] | !String.IsEmpty(Window(home).Property(CustomHubWidgetsReset))">Skin.Reset(customhub_widget_pos_12.label)</onload>
	<onload condition="$EXP[SkinSetup] | !String.IsEmpty(Window(home).Property(CustomHubWidgetsReset))">Skin.Reset(customhub_widget_pos_13.label)</onload>
	<onload condition="$EXP[SkinSetup] | !String.IsEmpty(Window(home).Property(CustomHubWidgetsReset))">Skin.Reset(customhub_widget_pos_14.label)</onload>
	<onload condition="$EXP[SkinSetup] | !String.IsEmpty(Window(home).Property(CustomHubWidgetsReset))">Skin.Reset(customhub_widget_pos_15.label)</onload>
	<onload condition="$EXP[SkinSetup] | !String.IsEmpty(Window(home).Property(CustomHubWidgetsReset))">Skin.Reset(customhub_widget_pos_16.label)</onload>
	<onload condition="$EXP[SkinSetup] | !String.IsEmpty(Window(home).Property(CustomHubWidgetsReset))">Skin.Reset(customhub_widget_pos_17.label)</onload>
	<onload condition="$EXP[SkinSetup] | !String.IsEmpty(Window(home).Property(CustomHubWidgetsReset))">Skin.Reset(customhub_widget_pos_18.label)</onload>
	<onload condition="$EXP[SkinSetup] | !String.IsEmpty(Window(home).Property(CustomHubWidgetsReset))">Skin.Reset(customhub_widget_pos_19.label)</onload>
	<onload condition="$EXP[SkinSetup] | !String.IsEmpty(Window(home).Property(CustomHubWidgetsReset))">Skin.Reset(customhub_widget_pos_20.label)</onload>
	<onload condition="$EXP[SkinSetup] | !String.IsEmpty(Window(home).Property(CustomHubWidgetsReset))">Skin.Reset(customhub_widget_pos_21.label)</onload>
	<onload condition="$EXP[SkinSetup] | !String.IsEmpty(Window(home).Property(CustomHubWidgetsReset))">Skin.Reset(customhub_widget_pos_22.label)</onload>
	<onload condition="$EXP[SkinSetup] | !String.IsEmpty(Window(home).Property(CustomHubWidgetsReset))">Skin.Reset(customhub_widget_pos_23.label)</onload>
	<onload condition="$EXP[SkinSetup] | !String.IsEmpty(Window(home).Property(CustomHubWidgetsReset))">Skin.Reset(customhub_widget_pos_24.label)</onload>
	<onload condition="$EXP[SkinSetup] | !String.IsEmpty(Window(home).Property(CustomHubWidgetsReset))">Skin.Reset(customhub_widget_pos_25.label)</onload>
	<onload condition="$EXP[SkinSetup] | !String.IsEmpty(Window(home).Property(CustomHubWidgetsReset))">Skin.Reset(customhub_widget_pos_26.label)</onload>
	<onload condition="$EXP[SkinSetup] | !String.IsEmpty(Window(home).Property(CustomHubWidgetsReset))">Skin.Reset(customhub_widget_pos_27.label)</onload>
	<onload condition="$EXP[SkinSetup] | !String.IsEmpty(Window(home).Property(CustomHubWidgetsReset))">Skin.Reset(customhub_widget_pos_28.label)</onload>
	<onload condition="$EXP[SkinSetup] | !String.IsEmpty(Window(home).Property(CustomHubWidgetsReset))">Skin.Reset(customhub_widget_pos_29.label)</onload>
	<onload condition="$EXP[SkinSetup] | !String.IsEmpty(Window(home).Property(CustomHubWidgetsReset))">Skin.Reset(customhub_widget_pos_30.label)</onload>

	<onload condition="!String.IsEmpty(Window(home).Property(CustomHubWidgetsReset))">Notification($LOCALIZE[31232],$LOCALIZE[31127])</onload>

	<!-- music widget reset -->
	<onload condition="$EXP[SkinSetup] | !String.IsEmpty(Window(home).Property(MusicHubWidgetReset))">Skin.SetString(musichub_widget_pos_1,W_NewAlbums)</onload>
	<onload condition="$EXP[SkinSetup] | !String.IsEmpty(Window(home).Property(MusicHubWidgetReset))">Skin.SetString(musichub_widget_pos_2,W_EmbyCon_NewAlbums)</onload>
	<onload condition="$EXP[SkinSetup] | !String.IsEmpty(Window(home).Property(MusicHubWidgetReset))">Skin.SetString(musichub_widget_pos_3,W_PlayedAlbums)</onload>
	<onload condition="$EXP[SkinSetup] | !String.IsEmpty(Window(home).Property(MusicHubWidgetReset))">Skin.SetString(musichub_widget_pos_4,W_OftenPlayedSongs)</onload>
	<onload condition="$EXP[SkinSetup] | !String.IsEmpty(Window(home).Property(MusicHubWidgetReset))">Skin.SetString(musichub_widget_pos_5,W_EmbyCon_OftenPlayedSongs)</onload>
	<onload condition="$EXP[SkinSetup] | !String.IsEmpty(Window(home).Property(MusicHubWidgetReset))">Skin.SetString(musichub_widget_pos_6,W_EmbyCon_FavArtists)</onload>
	<onload condition="$EXP[SkinSetup] | !String.IsEmpty(Window(home).Property(MusicHubWidgetReset))">Skin.SetString(musichub_widget_pos_7,W_EmbyCon_FavAlbums)</onload>
	<onload condition="$EXP[SkinSetup] | !String.IsEmpty(Window(home).Property(MusicHubWidgetReset))">Skin.SetString(musichub_widget_pos_8,W_EmbyCon_FavSongs)</onload>
	<onload condition="$EXP[SkinSetup] | !String.IsEmpty(Window(home).Property(MusicHubWidgetReset))">Skin.Reset(musichub_widget_pos_9)</onload>
	<onload condition="$EXP[SkinSetup] | !String.IsEmpty(Window(home).Property(MusicHubWidgetReset))">Skin.Reset(musichub_widget_pos_10)</onload>
	<onload condition="$EXP[SkinSetup] | !String.IsEmpty(Window(home).Property(MusicHubWidgetReset))">Skin.Reset(musichub_widget_pos_11)</onload>
	<onload condition="$EXP[SkinSetup] | !String.IsEmpty(Window(home).Property(MusicHubWidgetReset))">Skin.Reset(musichub_widget_pos_12)</onload>
	<onload condition="$EXP[SkinSetup] | !String.IsEmpty(Window(home).Property(MusicHubWidgetReset))">Skin.Reset(musichub_widget_pos_13)</onload>
	<onload condition="$EXP[SkinSetup] | !String.IsEmpty(Window(home).Property(MusicHubWidgetReset))">Skin.Reset(musichub_widget_pos_14)</onload>
	<onload condition="$EXP[SkinSetup] | !String.IsEmpty(Window(home).Property(MusicHubWidgetReset))">Skin.Reset(musichub_widget_pos_15)</onload>
	<onload condition="$EXP[SkinSetup] | !String.IsEmpty(Window(home).Property(MusicHubWidgetReset))">Skin.SetString(musichub_widget_pos_1.label,$LOCALIZE[31303])</onload>
	<onload condition="$EXP[SkinSetup] | !String.IsEmpty(Window(home).Property(MusicHubWidgetReset))">Skin.SetString(musichub_widget_pos_2.label,$LOCALIZE[31303]   [COLOR lightgrey]($LOCALIZE[31208])[/COLOR])</onload>
	<onload condition="$EXP[SkinSetup] | !String.IsEmpty(Window(home).Property(MusicHubWidgetReset))">Skin.SetString(musichub_widget_pos_3.label,$LOCALIZE[517])</onload>
	<onload condition="$EXP[SkinSetup] | !String.IsEmpty(Window(home).Property(MusicHubWidgetReset))">Skin.SetString(musichub_widget_pos_4.label,$LOCALIZE[31215])</onload>
	<onload condition="$EXP[SkinSetup] | !String.IsEmpty(Window(home).Property(MusicHubWidgetReset))">Skin.SetString(musichub_widget_pos_5.label,$LOCALIZE[31215]   [COLOR lightgrey]($LOCALIZE[31208])[/COLOR])</onload>
	<onload condition="$EXP[SkinSetup] | !String.IsEmpty(Window(home).Property(MusicHubWidgetReset))">Skin.SetString(musichub_widget_pos_6.label,$LOCALIZE[31212]   [COLOR lightgrey]($LOCALIZE[31208])[/COLOR])</onload>
	<onload condition="$EXP[SkinSetup] | !String.IsEmpty(Window(home).Property(MusicHubWidgetReset))">Skin.SetString(musichub_widget_pos_7.label,$LOCALIZE[31213]   [COLOR lightgrey]($LOCALIZE[31208])[/COLOR])</onload>
	<onload condition="$EXP[SkinSetup] | !String.IsEmpty(Window(home).Property(MusicHubWidgetReset))">Skin.SetString(musichub_widget_pos_8.label,$LOCALIZE[31214]   [COLOR lightgrey]($LOCALIZE[31208])[/COLOR])</onload>
	<onload condition="$EXP[SkinSetup] | !String.IsEmpty(Window(home).Property(MusicHubWidgetReset))">Skin.Reset(musichub_widget_pos_9.label)</onload>
	<onload condition="$EXP[SkinSetup] | !String.IsEmpty(Window(home).Property(MusicHubWidgetReset))">Skin.Reset(musichub_widget_pos_10.label)</onload>
	<onload condition="$EXP[SkinSetup] | !String.IsEmpty(Window(home).Property(MusicHubWidgetReset))">Skin.Reset(musichub_widget_pos_11.label)</onload>
	<onload condition="$EXP[SkinSetup] | !String.IsEmpty(Window(home).Property(MusicHubWidgetReset))">Skin.Reset(musichub_widget_pos_12.label)</onload>
	<onload condition="$EXP[SkinSetup] | !String.IsEmpty(Window(home).Property(MusicHubWidgetReset))">Skin.Reset(musichub_widget_pos_13.label)</onload>
	<onload condition="$EXP[SkinSetup] | !String.IsEmpty(Window(home).Property(MusicHubWidgetReset))">Skin.Reset(musichub_widget_pos_14.label)</onload>
	<onload condition="$EXP[SkinSetup] | !String.IsEmpty(Window(home).Property(MusicHubWidgetReset))">Skin.Reset(musichub_widget_pos_15.label)</onload>

	<onload condition="!String.IsEmpty(Window(home).Property(MusicHubWidgetReset))">Notification($LOCALIZE[31174],$LOCALIZE[31127])</onload>

	<!-- Emby movie widget reset -->
	<onload condition="$EXP[SkinSetup] | !String.IsEmpty(Window(home).Property(EmbyMovieHubWidgetsReset))">Skin.SetString(embymoviehub_widget_pos_1,W_EmbyHub_InProgressMovies)</onload>
	<onload condition="$EXP[SkinSetup] | !String.IsEmpty(Window(home).Property(EmbyMovieHubWidgetsReset))">Skin.SetString(embymoviehub_widget_pos_2,W_EmbyHub_NewMovies)</onload>
	<onload condition="$EXP[SkinSetup] | !String.IsEmpty(Window(home).Property(EmbyMovieHubWidgetsReset))">Skin.SetString(embymoviehub_widget_pos_3,W_EmbyHub_RecommendedMovies)</onload>
	<onload condition="$EXP[SkinSetup] | !String.IsEmpty(Window(home).Property(EmbyMovieHubWidgetsReset))">Skin.SetString(embymoviehub_widget_pos_4,W_EmbyHub_SimilarMovies)</onload>
	<onload condition="$EXP[SkinSetup] | !String.IsEmpty(Window(home).Property(EmbyMovieHubWidgetsReset))">Skin.SetString(embymoviehub_widget_pos_5,W_EmbyHub_MoviesByGenre)</onload>
	<onload condition="$EXP[SkinSetup] | !String.IsEmpty(Window(home).Property(EmbyMovieHubWidgetsReset))">Skin.SetString(embymoviehub_widget_pos_6,W_EmbyHub_RandomMovies)</onload>
	<onload condition="$EXP[SkinSetup] | !String.IsEmpty(Window(home).Property(EmbyMovieHubWidgetsReset))">Skin.SetString(embymoviehub_widget_pos_1.label,$LOCALIZE[31080])</onload>
	<onload condition="$EXP[SkinSetup] | !String.IsEmpty(Window(home).Property(EmbyMovieHubWidgetsReset))">Skin.SetString(embymoviehub_widget_pos_2.label,$LOCALIZE[31301])</onload>
	<onload condition="$EXP[SkinSetup] | !String.IsEmpty(Window(home).Property(EmbyMovieHubWidgetsReset))">Skin.SetString(embymoviehub_widget_pos_3.label,$LOCALIZE[31183])</onload>
	<onload condition="$EXP[SkinSetup] | !String.IsEmpty(Window(home).Property(EmbyMovieHubWidgetsReset))">Skin.SetString(embymoviehub_widget_pos_4.label,$LOCALIZE[31018])</onload>
	<onload condition="$EXP[SkinSetup] | !String.IsEmpty(Window(home).Property(EmbyMovieHubWidgetsReset))">Skin.SetString(embymoviehub_widget_pos_5.label,$LOCALIZE[31278])</onload>
	<onload condition="$EXP[SkinSetup] | !String.IsEmpty(Window(home).Property(EmbyMovieHubWidgetsReset))">Skin.SetString(embymoviehub_widget_pos_6.label,$LOCALIZE[31184])</onload>

	<onload condition="!String.IsEmpty(Window(home).Property(EmbyMovieHubWidgetsReset))">Notification($LOCALIZE[31279],$LOCALIZE[31127])</onload>

	<!-- Emby tvshow widget reset -->
	<onload condition="$EXP[SkinSetup] | !String.IsEmpty(Window(home).Property(EmbyTVShowHubWidgetsReset))">Skin.SetString(embytvshowhub_widget_pos_1,W_EmbyHub_InprogressEpisodes)</onload>
	<onload condition="$EXP[SkinSetup] | !String.IsEmpty(Window(home).Property(EmbyTVShowHubWidgetsReset))">Skin.SetString(embytvshowhub_widget_pos_2,W_EmbyHub_NextUp)</onload>
	<onload condition="$EXP[SkinSetup] | !String.IsEmpty(Window(home).Property(EmbyTVShowHubWidgetsReset))">Skin.SetString(embytvshowhub_widget_pos_3,W_EmbyHub_NewEpisodes)</onload>
	<onload condition="$EXP[SkinSetup] | !String.IsEmpty(Window(home).Property(EmbyTVShowHubWidgetsReset))">Skin.SetString(embytvshowhub_widget_pos_4,W_EmbyHub_RecommendedShows)</onload>
	<onload condition="$EXP[SkinSetup] | !String.IsEmpty(Window(home).Property(EmbyTVShowHubWidgetsReset))">Skin.SetString(embytvshowhub_widget_pos_5,W_EmbyHub_SimilarShows)</onload>
	<onload condition="$EXP[SkinSetup] | !String.IsEmpty(Window(home).Property(EmbyTVShowHubWidgetsReset))">Skin.SetString(embytvshowhub_widget_pos_6,W_EmbyHub_TVShowsByGenre)</onload>
	<onload condition="$EXP[SkinSetup] | !String.IsEmpty(Window(home).Property(EmbyTVShowHubWidgetsReset))">Skin.SetString(embytvshowhub_widget_pos_7,W_EmbyHub_RandomShows)</onload>
	<onload condition="$EXP[SkinSetup] | !String.IsEmpty(Window(home).Property(EmbyTVShowHubWidgetsReset))">Skin.SetString(embytvshowhub_widget_pos_1.label,$LOCALIZE[31080])</onload>
	<onload condition="$EXP[SkinSetup] | !String.IsEmpty(Window(home).Property(EmbyTVShowHubWidgetsReset))">Skin.SetString(embytvshowhub_widget_pos_2.label,$LOCALIZE[31012])</onload>
	<onload condition="$EXP[SkinSetup] | !String.IsEmpty(Window(home).Property(EmbyTVShowHubWidgetsReset))">Skin.SetString(embytvshowhub_widget_pos_3.label,$LOCALIZE[31302])</onload>
	<onload condition="$EXP[SkinSetup] | !String.IsEmpty(Window(home).Property(EmbyTVShowHubWidgetsReset))">Skin.SetString(embytvshowhub_widget_pos_4.label,$LOCALIZE[31182])</onload>
	<onload condition="$EXP[SkinSetup] | !String.IsEmpty(Window(home).Property(EmbyTVShowHubWidgetsReset))">Skin.SetString(embytvshowhub_widget_pos_5.label,$LOCALIZE[31018])</onload>
	<onload condition="$EXP[SkinSetup] | !String.IsEmpty(Window(home).Property(EmbyTVShowHubWidgetsReset))">Skin.SetString(embytvshowhub_widget_pos_6.label,$LOCALIZE[31278])</onload>
	<onload condition="$EXP[SkinSetup] | !String.IsEmpty(Window(home).Property(EmbyTVShowHubWidgetsReset))">Skin.SetString(embytvshowhub_widget_pos_7.label,$LOCALIZE[31185])</onload>

	<onload condition="!String.IsEmpty(Window(home).Property(EmbyTVShowHubWidgetsReset))">Notification($LOCALIZE[31279],$LOCALIZE[31127])</onload>

	<!-- EmbyCon movie widget reset -->
	<onload condition="$EXP[SkinSetup] | !String.IsEmpty(Window(home).Property(EmbyConMovieHubWidgetsReset))">Skin.SetString(embyconmoviehub_widget_pos_1,W_EmbyConHub_InProgressMovies)</onload>
	<onload condition="$EXP[SkinSetup] | !String.IsEmpty(Window(home).Property(EmbyConMovieHubWidgetsReset))">Skin.SetString(embyconmoviehub_widget_pos_2,W_EmbyConHub_NewMovies)</onload>
	<onload condition="$EXP[SkinSetup] | !String.IsEmpty(Window(home).Property(EmbyConMovieHubWidgetsReset))">Skin.SetString(embyconmoviehub_widget_pos_3,W_EmbyConHub_RecommendedMovies)</onload>
	<onload condition="$EXP[SkinSetup] | !String.IsEmpty(Window(home).Property(EmbyConMovieHubWidgetsReset))">Skin.SetString(embyconmoviehub_widget_pos_4,W_EmbyConHub_RandomMovies)</onload>
	<onload condition="$EXP[SkinSetup] | !String.IsEmpty(Window(home).Property(EmbyConMovieHubWidgetsReset))">Skin.SetString(embyconmoviehub_widget_pos_5,W_EmbyConHub_MovieGenres)</onload>
	<onload condition="$EXP[SkinSetup] | !String.IsEmpty(Window(home).Property(EmbyConMovieHubWidgetsReset))">Skin.SetString(embyconmoviehub_widget_pos_1.label,$LOCALIZE[31080])</onload>
	<onload condition="$EXP[SkinSetup] | !String.IsEmpty(Window(home).Property(EmbyConMovieHubWidgetsReset))">Skin.SetString(embyconmoviehub_widget_pos_2.label,$LOCALIZE[31301])</onload>
	<onload condition="$EXP[SkinSetup] | !String.IsEmpty(Window(home).Property(EmbyConMovieHubWidgetsReset))">Skin.SetString(embyconmoviehub_widget_pos_3.label,$LOCALIZE[31183])</onload>
	<onload condition="$EXP[SkinSetup] | !String.IsEmpty(Window(home).Property(EmbyConMovieHubWidgetsReset))">Skin.SetString(embyconmoviehub_widget_pos_4.label,$LOCALIZE[31184])</onload>
	<onload condition="$EXP[SkinSetup] | !String.IsEmpty(Window(home).Property(EmbyConMovieHubWidgetsReset))">Skin.SetString(embyconmoviehub_widget_pos_5.label,$LOCALIZE[135])</onload>

	<onload condition="!String.IsEmpty(Window(home).Property(EmbyConMovieHubWidgetsReset))">Notification($LOCALIZE[31282],$LOCALIZE[31127])</onload>

	<!-- EmbyCon tvshow widget reset -->
	<onload condition="$EXP[SkinSetup] | !String.IsEmpty(Window(home).Property(EmbyConTVShowHubWidgetsReset))">Skin.SetString(embycontvshowhub_widget_pos_1,W_EmbyConHub_InProgressShows)</onload>
	<onload condition="$EXP[SkinSetup] | !String.IsEmpty(Window(home).Property(EmbyConTVShowHubWidgetsReset))">Skin.SetString(embycontvshowhub_widget_pos_2,W_EmbyConHub_NextUp)</onload>
	<onload condition="$EXP[SkinSetup] | !String.IsEmpty(Window(home).Property(EmbyConTVShowHubWidgetsReset))">Skin.SetString(embycontvshowhub_widget_pos_3,W_EmbyConHub_NewEpisodes)</onload>
	<onload condition="$EXP[SkinSetup] | !String.IsEmpty(Window(home).Property(EmbyConTVShowHubWidgetsReset))">Skin.SetString(embycontvshowhub_widget_pos_4,W_EmbyConHub_RecommendedShows)</onload>
	<onload condition="$EXP[SkinSetup] | !String.IsEmpty(Window(home).Property(EmbyConTVShowHubWidgetsReset))">Skin.SetString(embycontvshowhub_widget_pos_5,W_EmbyConHub_RandomShows)</onload>
	<onload condition="$EXP[SkinSetup] | !String.IsEmpty(Window(home).Property(EmbyConTVShowHubWidgetsReset))">Skin.SetString(embycontvshowhub_widget_pos_6,W_EmbyConHub_TVShowGenres)</onload>
	<onload condition="$EXP[SkinSetup] | !String.IsEmpty(Window(home).Property(EmbyConTVShowHubWidgetsReset))">Skin.SetString(embycontvshowhub_widget_pos_1.label,$LOCALIZE[31080])</onload>
	<onload condition="$EXP[SkinSetup] | !String.IsEmpty(Window(home).Property(EmbyConTVShowHubWidgetsReset))">Skin.SetString(embycontvshowhub_widget_pos_2.label,$LOCALIZE[31012])</onload>
	<onload condition="$EXP[SkinSetup] | !String.IsEmpty(Window(home).Property(EmbyConTVShowHubWidgetsReset))">Skin.SetString(embycontvshowhub_widget_pos_3.label,$LOCALIZE[31302])</onload>
	<onload condition="$EXP[SkinSetup] | !String.IsEmpty(Window(home).Property(EmbyConTVShowHubWidgetsReset))">Skin.SetString(embycontvshowhub_widget_pos_4.label,$LOCALIZE[31182])</onload>
	<onload condition="$EXP[SkinSetup] | !String.IsEmpty(Window(home).Property(EmbyConTVShowHubWidgetsReset))">Skin.SetString(embycontvshowhub_widget_pos_5.label,$LOCALIZE[31185])</onload>
	<onload condition="$EXP[SkinSetup] | !String.IsEmpty(Window(home).Property(EmbyConTVShowHubWidgetsReset))">Skin.SetString(embycontvshowhub_widget_pos_6.label,$LOCALIZE[135])</onload>

	<onload condition="!String.IsEmpty(Window(home).Property(EmbyConTVShowHubWidgetsReset))">Notification($LOCALIZE[31282],$LOCALIZE[31127])</onload>

	<!-- EmbyCon music widget reset -->
	<onload condition="$EXP[SkinSetup] | !String.IsEmpty(Window(home).Property(EmbyConMusicHubWidgetsReset))">Skin.SetString(embyconmusichub_widget_pos_1,W_EmbyConHub_NewAlbums)</onload>
	<onload condition="$EXP[SkinSetup] | !String.IsEmpty(Window(home).Property(EmbyConMusicHubWidgetsReset))">Skin.SetString(embyconmusichub_widget_pos_2,W_EmbyConHub_PlayedSongs)</onload>
	<onload condition="$EXP[SkinSetup] | !String.IsEmpty(Window(home).Property(EmbyConMusicHubWidgetsReset))">Skin.SetString(embyconmusichub_widget_pos_3,W_EmbyConHub_OftenPlayed)</onload>
	<onload condition="$EXP[SkinSetup] | !String.IsEmpty(Window(home).Property(EmbyConMusicHubWidgetsReset))">Skin.SetString(embyconmusichub_widget_pos_4,W_EmbyConHub_FavArtists)</onload>
	<onload condition="$EXP[SkinSetup] | !String.IsEmpty(Window(home).Property(EmbyConMusicHubWidgetsReset))">Skin.SetString(embyconmusichub_widget_pos_5,W_EmbyConHub_FavAlbums)</onload>
	<onload condition="$EXP[SkinSetup] | !String.IsEmpty(Window(home).Property(EmbyConMusicHubWidgetsReset))">Skin.SetString(embyconmusichub_widget_pos_6,W_EmbyConHub_FavSongs)</onload>
	<onload condition="$EXP[SkinSetup] | !String.IsEmpty(Window(home).Property(EmbyConMusicHubWidgetsReset))">Skin.SetString(embyconmusichub_widget_pos_1.label,$LOCALIZE[31303])</onload>
	<onload condition="$EXP[SkinSetup] | !String.IsEmpty(Window(home).Property(EmbyConMusicHubWidgetsReset))">Skin.SetString(embyconmusichub_widget_pos_2.label,$LOCALIZE[31211])</onload>
	<onload condition="$EXP[SkinSetup] | !String.IsEmpty(Window(home).Property(EmbyConMusicHubWidgetsReset))">Skin.SetString(embyconmusichub_widget_pos_3.label,$LOCALIZE[31215])</onload>
	<onload condition="$EXP[SkinSetup] | !String.IsEmpty(Window(home).Property(EmbyConMusicHubWidgetsReset))">Skin.SetString(embyconmusichub_widget_pos_4.label,$LOCALIZE[31212])</onload>
	<onload condition="$EXP[SkinSetup] | !String.IsEmpty(Window(home).Property(EmbyConMusicHubWidgetsReset))">Skin.SetString(embyconmusichub_widget_pos_5.label,$LOCALIZE[31213])</onload>
	<onload condition="$EXP[SkinSetup] | !String.IsEmpty(Window(home).Property(EmbyConMusicHubWidgetsReset))">Skin.SetString(embyconmusichub_widget_pos_6.label,$LOCALIZE[31214])</onload>

	<onload condition="!String.IsEmpty(Window(home).Property(EmbyConMusicHubWidgetsReset))">Notification($LOCALIZE[31282],$LOCALIZE[31127])</onload>

	<!-- unload -->
	<onload>ClearProperty(HomeWidgetReset,home)</onload>
	<onload>ClearProperty(MovieHubWidgetReset,home)</onload>
	<onload>ClearProperty(TVShowHubWidgetReset,home)</onload>
	<onload>ClearProperty(MusicHubWidgetReset,home)</onload>
	<onload>ClearProperty(MusicHubWidgetReset,home)</onload>
	<onload>ClearProperty(EmbyMovieHubWidgetsReset,home)</onload>
	<onload>ClearProperty(EmbyTVShowHubWidgetsReset,home)</onload>
	<onload>Skin.SetBool(SkinSetup)</onload>
	<onunload condition="Window.IsVisible(home)">AlarmClock(ReloadSkin,ReloadSkin(),00:02,silent)</onunload>

	<controls/>
</window>