<?xml version="1.0" encoding="UTF-8"?>
<window id="1111" type="dialog">
	<defaultcontrol always="true">100</defaultcontrol>
	<onunload>ClearProperty(widget_position,home)</onunload>
	<include>PropertyIncludes</include>
	<controls>
		<!-- background -->
		<include content="DiffuseMask">
			<param name="color">background_diffuse</param>
			<param name="visible">!Window.IsVisible(1110)</param>
		</include>
		<!-- dialog -->
		<control type="group">
			<include>FullscreenDimensions</include>
			<control type="grouplist">
				<include>Dialog_PopupOpenClose</include>
				<include>Visible_PopupOpenClose</include>
				<centerleft>50%</centerleft>
				<centertop>50%</centertop>
				<width>800</width>
				<height max="940">auto</height>
				<orientation>vertical</orientation>
				<itemgap>20</itemgap>
				<align>center</align>
				<!-- edit -->
				<control type="group">
					<height>50</height>
					<control type="label">
						<width>100%</width>
						<height>48</height>
						<font>Reg24</font>
						<aligny>center</aligny>
						<textoffsetx>5</textoffsetx>
						<textcolor>text_headline</textcolor>
						<label>$LOCALIZE[31107]</label>
					</control>
					<include>GreenBar</include>
				</control>
				<!-- list -->
				<control type="group">
					<height>770</height>
					<control type="image">
						<height>770</height>
						<texture colordiffuse="panel_background">common/white.jpg</texture>
						<aspectratio>stretch</aspectratio>
					</control>
					<control type="list" id="100">
						<centerleft>50%</centerleft>
						<top>10</top>
						<height>750</height>
						<onup>noop</onup>
						<onleft>101</onleft>
						<onright>101</onright>
						<ondown>101</ondown>
						<pagecontrol>60</pagecontrol>
						<scrolltime>200</scrolltime>
						<itemlayout height="75" width="800">
							<control type="image">
								<height>75</height>
								<width>75</width>
								<left>10</left>
								<bordersize>5</bordersize>
								<texture>DefaultFolder.png</texture>
								<aspectratio>keep</aspectratio>
								<visible>String.IsEmpty(ListItem.Icon)</visible>
							</control>
							<control type="image">
								<height>75</height>
								<width>75</width>
								<left>10</left>
								<bordersize>5</bordersize>
								<texture background="true">$INFO[ListItem.Icon]</texture>
								<aspectratio>keep</aspectratio>
								<visible>!String.IsEmpty(ListItem.Icon)</visible>
							</control>
							<control type="label">
								<right>20</right>
								<left>100</left>
								<height>75</height>
								<aligny>center</aligny>
								<font>Reg24</font>
								<textcolor>panel_textcolor</textcolor>
								<label>$INFO[ListItem.Label]$INFO[ListItem.Label2, [,]]</label>
							</control>
						</itemlayout>
						<focusedlayout height="75" width="800">
							<control type="image">
								<width>100%</width>
								<height>75</height>
								<texture colordiffuse="panel_focus">common/white.jpg</texture>
								<visible>Control.HasFocus(100)</visible>
							</control>
							<control type="image">
								<height>75</height>
								<width>75</width>
								<left>10</left>
								<bordersize>5</bordersize>
								<texture>DefaultFolder.png</texture>
								<aspectratio>keep</aspectratio>
								<visible>String.IsEmpty(ListItem.Icon)</visible>
							</control>
							<control type="image">
								<height>75</height>
								<width>75</width>
								<left>10</left>
								<bordersize>5</bordersize>
								<texture background="true">$INFO[ListItem.Icon]</texture>
								<aspectratio>keep</aspectratio>
								<visible>!String.IsEmpty(ListItem.Icon)</visible>
							</control>
							<control type="label">
								<right>20</right>
								<left>100</left>
								<height>75</height>
								<aligny>center</aligny>
								<font>Reg24</font>
								<textcolor>panel_textcolor</textcolor>
								<label>$INFO[ListItem.Label]$INFO[ListItem.Label2, [,]]</label>
							</control>
						</focusedlayout>
						<content>
							<include condition="String.IsEqual(Window(home).Property(SelectorContent),HomeWidgets)">HomeAvailableWidgets</include>
							<include condition="String.IsEqual(Window(home).Property(SelectorContent),MovieHubWidgets)">MovieHubAvailableWidgets</include>
							<include condition="String.IsEqual(Window(home).Property(SelectorContent),TVShowHubWidgets)">TVShowHubAvailableWidgets</include>
							<include condition="String.IsEqual(Window(home).Property(SelectorContent),MusicHubWidgets)">MusicHubAvailableWidgets</include>
							<include condition="String.IsEqual(Window(home).Property(SelectorContent),EmbyMovieHubWidgets)">EmbyMovieHubAvailableWidgets</include>
							<include condition="String.IsEqual(Window(home).Property(SelectorContent),EmbyTVShowHubWidgets)">EmbyTVShowHubAvailableWidgets</include>
							<include condition="String.IsEqual(Window(home).Property(SelectorContent),EmbyConMovieHubWidgets)">EmbyConMovieHubAvailableWidgets</include>
							<include condition="String.IsEqual(Window(home).Property(SelectorContent),EmbyConTVShowHubWidgets)">EmbyConTVShowHubAvailableWidgets</include>
							<include condition="String.IsEqual(Window(home).Property(SelectorContent),EmbyConMusicHubWidgets)">EmbyConMusicHubAvailableWidgets</include>
							<include condition="String.IsEqual(Window(home).Property(SelectorContent),CustomHubWidgets)">CustomHubAvailableWidgets</include>
						</content>
					</control>
					<control type="scrollbar" id="60">
						<right>0</right>
						<top>0</top>
						<bottom>0</bottom>
						<width>4</width>
						<orientation>vertical</orientation>
						<showonepage>false</showonepage>
						<texturesliderbackground colordiffuse="00ffffff">common/white.jpg</texturesliderbackground>
						<texturesliderbar colordiffuse="scrollbar_slider">common/white.jpg</texturesliderbar>
					</control>
				</control>
				<!-- Button -->
				<control type="grouplist">
					<height>50</height>
					<width>100%</width>
					<orientation>horizontal</orientation>
					<itemgap>5</itemgap>
					<align>center</align>
					<onright>noop</onright>
					<onleft>noop</onleft>
					<control type="button" id="101">
						<include>DarkGreyButton</include>
						<label>$LOCALIZE[15067]</label>
						<onclick>close</onclick>
						<onup>SetFocus(100)</onup>
					</control>
				</control>
			</control>
		</control>
	</controls>
</window>