<?xml version="1.0" encoding="UTF-8"?>
<window>
	<visible>$EXP[PlayerSeek] | [Player.Paused + !Player.Caching] | Player.Forwarding | Player.Rewinding | Player.ShowInfo | Window.IsActive(fullscreeninfo) | Window.IsActive(videoosd) | Window.IsActive(musicosd)</visible>
	<visible>!Player.FrameAdvance + !Window.IsActive(sliderdialog) + String.IsEmpty(Window(home).Property(service.upnext.dialog)) + !Window.IsVisible(playerprocessinfo)</visible>
	<visible>[Window.IsActive(visualisation) | Window.IsActive(fullscreenvideo)] + !Player.HasGame</visible>
	<zorder>0</zorder>
	<include>PropertyIncludes</include>
	<controls>
		<control type="group">
			<!-- Seekbar nib -->
			<control type="slider" id="401">
				<visible>Player.Forwarding | Player.Rewinding | $EXP[PlayerSeek]</visible>
				<visible>!VideoPlayer.HasEpg</visible>
				<bottom>88</bottom>
				<left>309</left>
				<right>31</right>
				<height>8</height>
				<orientation>horizontal</orientation>
				<texturesliderbar colordiffuse="00ffffff">common/white.jpg</texturesliderbar>
				<textureslidernib colordiffuse="$VAR[PlayerAccentColor]">views/player/nib_bubble.png</textureslidernib>
				<textureslidernibfocus colordiffuse="$VAR[PlayerAccentColor]">views/player/nib_bubble.png</textureslidernibfocus>
			</control>
			<control type="slider" id="402">
				<visible>Player.Forwarding | Player.Rewinding | $EXP[PlayerSeek]</visible>
				<visible>VideoPlayer.HasEpg</visible>
				<bottom>88</bottom>
				<left>309</left>
				<right>31</right>
				<height>8</height>
				<orientation>horizontal</orientation>
				<texturesliderbar colordiffuse="00ffffff">common/white.jpg</texturesliderbar>
				<textureslidernib colordiffuse="$VAR[PlayerAccentColor]">views/player/nib_bubble.png</textureslidernib>
				<textureslidernibfocus colordiffuse="$VAR[PlayerAccentColor]">views/player/nib_bubble.png</textureslidernibfocus>
			</control>
			<control type="group">
				<visible>Player.Forwarding | Player.Rewinding | $EXP[PlayerSeek]</visible>
				<include condition="!VideoPlayer.HasEpg">OSD_Seek_Position</include>
				<include condition="VideoPlayer.HasEpg" content="OSD_Seek_Position">
					<param name="id" value="402"/>
				</include>
				<left>309</left>
				<bottom>115</bottom>
				<width>158</width>
				<height>70</height>
				<control type="image">
					<width>158</width>
					<height>70</height>
					<texture colordiffuse="ff222222">common/white.jpg</texture>
					<bordertexture colordiffuse="grey" border="1">common/white.jpg</bordertexture>
					<bordersize>1</bordersize>
				</control>
				<control type="label">
					<width>158</width>
					<height>70</height>
					<align>center</align>
					<aligny>center</aligny>
					<font>Med26</font>
					<textcolor>white</textcolor>
					<label>$VAR[PlayerSeekStepLabel]</label>
				</control>
			</control>
		</control>
	</controls>
</window>
