<?xml version="1.0" encoding="utf-8"?>
<window>
	<defaultcontrol></defaultcontrol>
	<onload condition="System.HasAddon(script.artistslideshow)">RunScript(script.artistslideshow)</onload>
	<onload>SetProperty(showvisinfo,1,home)</onload>
	<onload>AlarmClock(PreloadTimeout,ClearProperty(showvisinfo,home),00:04,silent)</onload>
	<backgroundcolor>background</backgroundcolor>
	<include>PropertyIncludes</include>
	<controls>
		<!-- Visualisation -->
		<include>MusicBackground</include>
		<!-- Busy spinner -->
		<control type="group" id="99">
			<visible>Player.Caching</visible>
			<include content="BusySpinner">
				<param name="id" value="99"/>
				<param name="colordiffuse" value="white"/>
			</include>
		</control>
		<!-- OSD -->
		<control type="group" id="99">
			<visible>Window.IsVisible(musicosd) | Window.IsVisible(seekbar) | Player.Paused | [Window.IsVisible(volumebar) + !Player.Muted + !Skin.HasSetting(DefaultVolume)] | !String.IsEmpty(Window(home).Property(showvisinfo))</visible>
			<animation effect="fade" start="0" end="100" time="0">Visible</animation>
			<animation effect="fade" start="100" end="0" time="400" delay="2000">Hidden</animation>
			<!--Top-->
			<include>PlayerTopBar</include>
			<!--Bottom-->
			<control type="group" id="99">
				<!-- mask -->
				<control type="image" id="99">
					<bottom>0</bottom>
					<width>100%</width>
					<height>201</height>
					<texture colordiffuse="black">views/player/mask_bottom.png</texture>
				</control>
				<control type="group">
					<visible>!String.StartsWith(Player.Filenameandpath,pvr://)</visible>
					<control type="image">
						<visible>!Skin.HasSetting(HideDiscArt)</visible>
						<animation effect="rotate" center="auto" time="6000" end="-360" condition="true" loop="true">Conditional</animation>
						<bottom>120</bottom>
						<left>29</left>
						<width>258</width>
						<height>258</height>
						<texture diffuse="views/player/cd.png" background="true">$VAR[PlayerDiscArt]</texture>
						<fadetime>200</fadetime>
						<aspectratio>scale</aspectratio>
					</control>
					<control type="image" id="99">
						<bottom>20</bottom>
						<left>19</left>
						<height>278</height>
						<width>278</width>
						<texture background="true">$VAR[PlayerIcon]</texture>
						<aspectratio scalediffuse="false" aligny="center">scale</aspectratio>
						<bordersize>11</bordersize>
						<bordertexture border="11,11,11,11">items/resp_shadow.png</bordertexture>
					</control>
				</control>
				<control type="image" id="99">
					<bottom>31</bottom>
					<left>30</left>
					<width>256</width>
					<height>144</height>
					<texture background="true">$VAR[PlayerIcon]</texture>
					<aspectratio scalediffuse="false" aligny="center">keep</aspectratio>
					<visible>String.StartsWith(Player.Filenameandpath,pvr://)</visible>
				</control>
				<!-- Progress bars -->
				<control type="group" id="99">
					<!-- Cache bar -->
					<control type="progress" id="99">
						<include>PlayerProgressDimension</include>
						<info>Player.ProgressCache</info>
						<texturebg colordiffuse="grey">common/white.jpg</texturebg>
						<midtexture colordiffuse="white">common/white.jpg</midtexture>
					</control>
					<!-- Video progress bar -->
					<control type="progress" id="99">
						<include>PlayerProgressDimension</include>
						<info>Player.Progress</info>
						<texturebg colordiffuse="00ffffff">common/white.jpg</texturebg>
						<midtexture colordiffuse="$VAR[PlayerAccentColor]">common/white.jpg</midtexture>
					</control>
				</control>
				<!-- Label section -->
				<control type="grouplist" id="99">
					<orientation>horizontal</orientation>
					<height>31</height>
					<bottom>146</bottom>
					<left>309</left>
					<right>30</right>
					<itemgap>0</itemgap>
					<control type="label" id="99">
						<width>auto</width>
						<height>30</height>
						<aligny>center</aligny>
						<font>Med24</font>
						<textcolor>white</textcolor>
						<label>$VAR[PlayerFullLabel]   </label>
					</control>
				</control>
				<control type="grouplist" id="99">
					<orientation>horizontal</orientation>
					<height>31</height>
					<bottom>115</bottom>
					<left>309</left>
					<right>30</right>
					<itemgap>0</itemgap>
					<control type="label" id="99">
						<width>790</width>
						<height>30</height>
						<aligny>center</aligny>
						<font>Reg24</font>
						<textcolor>text_sublabel</textcolor>
						<label fallback="19055">$VAR[PlayerEpisodeName]</label>
					</control>
					<control type="label" id="99">
						<width>790</width>
						<height>30</height>
						<align>right</align>
						<aligny>center</aligny>
						<font>Reg24</font>
						<textcolor>text_sublabel</textcolor>
						<label>$INFO[MusicPlayer.PlaylistPosition,$LOCALIZE[554] , / ]$INFO[MusicPlayer.PlaylistLength]</label>
						<visible>Integer.IsGreater(MusicPlayer.PlaylistLength,0)</visible>
					</control>
				</control>
				<!-- Bottom label section -->
				<control type="grouplist" id="99">
					<visible>!Window.IsVisible(musicosd)</visible>
					<orientation>horizontal</orientation>
					<height>50</height>
					<bottom>20</bottom>
					<left>309</left>
					<right>20</right>
					<itemgap>0</itemgap>
					<include>PlayerBottomLabels</include>
				</control>
				<!-- Volume -->
				<include>PlayerOSDVolume</include>
			</control>
		</control>
	</controls>
</window>
