<?xml version="1.0" encoding="UTF-8"?>
<window>
	<defaultcontrol>3</defaultcontrol>
	<backgroundcolor>background</backgroundcolor>
	<menucontrol>6666</menucontrol>
	<include>PropertyIncludes</include>
	<controls>
		<control type="label" id="2">
			<include>HiddenObject</include>
		</control>
		<include>Background</include>
		<!-- left -->
		<control type="group">
			<include>Window_OpenClose</include>
			<include content="ContentPanel"/>
			<control type="group">
				<top>112</top>
				<include content="SideHeadline">
					<param name="nr">1</param>
					<param name="width">400</param>
					<param name="label">$LOCALIZE[5]</param>
				</include>
				<control type="grouplist" id="3">
					<left>0</left>
					<top>55</top>
					<bottom>130</bottom>
					<width>400</width>
					<usecontrolcoords>true</usecontrolcoords>
					<onleft>900</onleft>
					<onright>5</onright>
					<onup>6666</onup>
					<ondown>20</ondown>
				</control>
				<control type="radiobutton" id="10">
					<width>400</width>
					<height>50</height>
					<align>left</align>
					<aligny>center</aligny>
					<font>Reg22</font>
					<textoffsetx>50</textoffsetx>
					<textcolor>panel_textcolor</textcolor>
					<focusedcolor>panel_textcolor</focusedcolor>
					<selectedcolor>panel_textcolor</selectedcolor>
					<texturefocus colordiffuse="panel_focus">common/white.jpg</texturefocus>
					<include>NoTextures</include>
				</control>
			</control>
			<control type="group">
				<animation effect="slide" end="0,50" time="0" condition="Integer.IsGreater(Container(3).NumItems,1)">Conditional</animation>
				<animation effect="slide" end="0,50" time="0" condition="Integer.IsGreater(Container(3).NumItems,2)">Conditional</animation>
				<animation effect="slide" end="0,50" time="0" condition="Integer.IsGreater(Container(3).NumItems,3)">Conditional</animation>
				<animation effect="slide" end="0,50" time="0" condition="Integer.IsGreater(Container(3).NumItems,4)">Conditional</animation>
				<animation effect="slide" end="0,50" time="0" condition="Integer.IsGreater(Container(3).NumItems,5)">Conditional</animation>
				<animation effect="slide" end="0,50" time="0" condition="Integer.IsGreater(Container(3).NumItems,6)">Conditional</animation>
				<animation effect="slide" end="0,50" time="0" condition="Integer.IsGreater(Container(3).NumItems,7)">Conditional</animation>
				<animation effect="slide" end="0,50" time="0" condition="Integer.IsGreater(Container(3).NumItems,8)">Conditional</animation>
				<animation effect="slide" end="0,50" time="0" condition="Integer.IsGreater(Container(3).NumItems,9)">Conditional</animation>
				<animation effect="slide" end="0,50" time="0" condition="Integer.IsGreater(Container(3).NumItems,10)">Conditional</animation>
				<top>217</top>
				<height>105</height>
				<control type="group">
					<include content="SideHeadline">
						<param name="nr">1</param>
						<param name="width">400</param>
						<param name="label">$LOCALIZE[31036]</param>
					</include>
				</control>
				<control type="button" id="20">
					<top>55</top>
					<width>400</width>
					<height>50</height>
					<align>left</align>
					<aligny>center</aligny>
					<onclick>SettingsLevelChange</onclick>
					<font>Reg22</font>
					<textoffsetx>50</textoffsetx>
					<textcolor>panel_textcolor</textcolor>
					<focusedcolor>panel_textcolor</focusedcolor>
					<selectedcolor>panel_textcolor</selectedcolor>
					<texturefocus colordiffuse="panel_focus">common/white.jpg</texturefocus>
					<include>NoTextures</include>
					<onup>3</onup>
					<ondown>noop</ondown>
					<onleft>900</onleft>
					<onright>5</onright>
				</control>
			</control>
		</control>
		<!-- right -->
		<control type="group">
			<include>Window_OpenClose</include>
			<top>122</top>
			<bottom>122</bottom>
			<control type="group">
				<left>400</left>
				<right>0</right>
				<bottom>0</bottom>
				<control type="image">
					<top>-1</top>
					<height>1</height>
					<texture colordiffuse="grid_border">common/white.jpg</texture>
					<aspectratio>stretch</aspectratio>
				</control>
				<control type="image">
					<bottom>-1</bottom>
					<height>1</height>
					<texture colordiffuse="grid_border">common/white.jpg</texture>
					<aspectratio>stretch</aspectratio>
				</control>
			</control>
			<control type="textbox" id="6">
				<bottom>-96</bottom>
				<left>500</left>
				<right>100</right>
				<height>76</height>
				<font>Reg22</font>
			</control>
			<!-- list -->
			<control type="grouplist" id="5">
				<left>500</left>
				<right>100</right>
				<height>100%</height>
				<onup>6666</onup>
				<onleft>3</onleft>
				<onright>noop</onright>
				<ondown>noop</ondown>
				<pagecontrol>60</pagecontrol>
				<scrolltime>200</scrolltime>
				<itemgap>0</itemgap>
			</control>
			<control type="button" id="7">
				<description>Default Button</description>
				<include>SettingsButton</include>
			</control>
			<control type="radiobutton" id="8">
				<description>Default RadioButton</description>
				<include>SettingsButton</include>
			</control>
			<control type="spincontrolex" id="9">
				<description>Default SpinControlex</description>
				<include>SettingsButton</include>
			</control>
			<control type="sliderex" id="13">
				<description>Default Slider</description>
				<include>SettingsButton</include>
			</control>
			<control type="image" id="11">
				<description>separator image</description>
				<visible>false</visible>
			</control>
			<control type="label" id="14">
				<description>Default Label</description>
				<height>70</height>
				<font>Med22</font>
				<textoffsetx>0</textoffsetx>
				<textcolor>panel_textcolor</textcolor>
				<aligny>center</aligny>
				<animation effect="slide" end="0,10" time="0" condition="true">Conditional</animation>
			</control>
		</control>
		<!-- scrollbar -->
		<include content="Scrollbar">
			<param name="id" value="60"/>
			<param name="visible" value="true"/>
			<param name="top" value="122"/>
			<param name="bottom" value="122"/>
			<param name="width" value="10"/>
		</include>
		<!-- header bar -->
		<include content="HeaderBar">
			<param name="id">3</param>
			<param name="auto_hide">false</param>
		</include>
		<!-- side panel -->
		<include content="SidePanel">
			<param name="onright">3</param>
		</include>
	</controls>
</window>
